Email, LastName, FirstName, Country, PhoneNum, Password, 
aabby@yahoo.com, Abby, Alverta, Spain, 398-6655, ~97Xv<iWk`w]v, 
abacup@live.nl, Bacup, Arte, Tajikistan, 209-4446, xqY)&$plSq, 
abanishevitz@live.com, Banishevitz, Amby, Finland, 398-5455, *8xY6/9D~`QB;`, 
abarrie@t-online.de, Barrie, Arther, Venezuela, 429-5702, kc#w]R[`=o, 
abelham@gmx.de, Belham, Arnuad, Angola, 444-1662, o/|54zGs*`GVYX;, 
abirdall@libero.it, Birdall, Armando, Lebanon, 209-8374, YM6l?t=)^\Lw(, 
ableddon@live.it, Bleddon, Ada, Zimbabwe, 925-8818, ^T^hH`(4, 
abrabben@live.it, Brabben, Anne, Eswatini (fmr. "Swaziland"), 209-3077, Vesi[en&<$z:r, 
abulloch@centurytel.net, Bulloch, Amy, China, 908-8671, nm*yYGL6, 
acreighton@club-internet.fr, Creighton, Aubert, United Arab Emirates, 219-8483, m29&hUv5, 
acurtiss@optonline.net, Curtiss, Annmarie, Libya, 209-8796, YQE>(t:\b**K, 
ad'almeida@aol.com, D'Almeida, Amalle, Estonia, 429-8181, }PTlKSk@B"F/YH, 
adalla@rocketmail.com, Dalla, Anne, Bulgaria, 997-2757, [{pLKn?9Jt, 
adoonican@comcast.net, Doonican, Andros, Colombia, 908-6268, W@B7Mgz, 
aduddin@yahoo.it, Duddin, Addi, Marshall Islands, 219-6465, 4W^b;8|"ra`A-, 
adyball@bigpond.com, Dyball, Ahmed, Peru, 398-7382, ]n/<Za\o}e, 
aezele@live.ca, Ezele, Albertine, Bangladesh, 219-7737, "?!'FaW1@Rj9, 
afadell@sfr.fr, Fadell, Amalle, Vietnam, 209-6020, vi_c-+k2l3GsI, 
afebvre@terra.com.br, Febvre, Aubert, Kiribati, 209-1119, yoY/T/KYJ, 
afelipe@mail.com, Felipe, Alexa, Sudan, 429-9551, @h0AZjC]|{x"zy, 
afollacaro@hotmail.it, Follacaro, Albertine, Bolivia, 270-7799, d%rD|`VS|, 
afountaine@googlemail.com, Fountaine, Ada, Sudan, 925-6174, 5?88leH"?N, 
agilburt@live.com, Gilburt, Alva, Cambodia, 925-5254, :[HD4XG@~f0, 
aglover@gmail.com, Glover, Adriano, Latvia, 444-2184, Q:k5UeuFEj6SSB, 
agooddie@voila.fr, Gooddie, Auberon, Antigua and Barbuda, 925-6301, Px)V&VQu'VCO, 
agoodluck@tin.it, Goodluck, Atalanta, Algeria, 867-1949, <"{gtz@E+FJ5@X, 
agothliff@optusnet.com.au, Gothliff, Aloysius, Greece, 867-5570, h33=CjXUGA55<, 
agregorin@arcor.de, Gregorin, Aloysia, Fiji, 209-6487, fI&;GyC/|)w[, 
agueny@live.nl, Gueny, Aloise, Norway, 398-6732, .!V&:F"jS:D[G(, 
aharesnape@yahoo.com.mx, Haresnape, Arnuad, Mali, 997-1681, t@K&IJ:5l{1El[, 
ahorbath@neuf.fr, Horbath, Ann-marie, Ethiopia, 925-3976, IUZxlc, 
ahought@web.de, Hought, Ansel, Japan, 908-4701, -iQL%lFh=W@8ij, 
ajamieson@bigpond.net.au, Jamieson, Alissa, Costa Rica, 997-5413, sa6@|Sf}%l, 
ajamieson@yahoo.com.au, Jamieson, Addy, Lebanon, 444-1636, _Z$v6<?>41, 
ajanacek@voila.fr, Janacek, Alexi, Central African Republic, 925-5951, I^L\}4G, 
ajosuweit@bluewin.ch, Josuweit, Alva, Turkey, 398-3883, QWNEHB2va8HF1y%, 
akaindl@sympatico.ca, Kaindl, Andrey, Russia, 429-6764, "]S)by)]R'J3leB$, 
akamienski@rediffmail.com, Kamienski, Antoine, Mauritania, 429-6685, {F&eFU-KIDMwx, 
akamienski@yahoo.co.id, Kamienski, Alexa, Libya, 209-7877, TJ0&z4cP(/:CAhq, 
akeford@bol.com.br, Keford, Avivah, Eritrea, 209-9808, 1n?9;zGs+lPPN, 
akernley@voila.fr, Kernley, Antoine, Spain, 908-9378, vc?5"FV2c, 
akirtley@yahoo.fr, Kirtley, Alexa, Croatia, 867-5491, rRW]^vO8, 
akobel@windstream.net, Kobel, Andriette, Cuba, 270-1678, s<mvMN$d, 
alabitt@planet.nl, Labitt, Albertina, Antigua and Barbuda, 444-4993, )2ncgz$-KY=)@~Q, 
aladlow@web.de, Ladlow, Anitra, South Korea, 270-8924, e^zgHQc2^04, 
alammin@tiscali.co.uk, Lammin, Afton, Ghana, 209-4091, Q[m$eqnV:KEtR0sD, 
alammin@yahoo.com.sg, Lammin, Alva, Malta, 925-2027, o!`sW84o=9YU7R7, 
alangsdon@rocketmail.com, Langsdon, Ainsley, Saudi Arabia, 444-7662, -yj+>1`CKC+, 
aleftly@rocketmail.com, Leftly, Annabel, Guinea, 219-8224, E/^;#*0, 
amallinar@yahoo.com.ar, Mallinar, Amy, Tuvalu, 997-8578, }8:e<R/qC1IkvGW, 
amayers@gmx.net, Mayers, Ancell, Vietnam, 398-2942, 9TWc-Rg!93, 
amayers@planet.nl, Mayers, Aloysius, Maldives, 925-4370, scn5}q, 
amcgaughay@rediffmail.com, McGaughay, Austen, Guinea-Bissau, 270-9419, su@xAK892'2?B!, 
amcgrotty@zonnet.nl, McGrotty, Ad, Liberia, 908-5740, -sbVN;oa^+CA_;o~, 
amcilvenna@uol.com.br, McIlvenna, Aubert, Benin, 908-4965, r@+op}("vm1CPq&q, 
amckeefry@t-online.de, McKeefry, Aloise, Austria, 209-6305, %|J.%PGBQ, 
amidlane@tin.it, Midlane, Auberon, Ukraine, 219-3301, T)~}i+E]es), 
amordy@ig.com.br, Mordy, Alejandra, Armenia, 444-3761, -NzDr;KCWk, 
anaptin@hotmail.fr, Naptin, Annmarie, Czechia (Czech Republic), 444-1337, O(?(!'6/)CoPs, 
anaulls@yahoo.com.br, Naulls, Artur, Croatia, 219-2791, '"+"Ep;"Bk^hED{/, 
anormavell@terra.com.br, Normavell, Aurel, Germany, 429-5152, 8~eg{QqN%qSu1E, 
anyssen@orange.fr, Nyssen, Alejandra, Zimbabwe, 270-7548, hH$>T_Sm., 
aparsley@live.nl, Parsley, Ann-marie, Burundi, 219-6529, oSN$04]IO&$";v, 
areasun@ymail.com, Reasun, Alva, Saudi Arabia, 270-6495, r|{R-aQ&zY, 
asackler@rediffmail.com, Sackler, Alric, Slovakia, 444-2049, *3E86EM08$, 
aschaffel@gmail.com, Schaffel, Anne, Kiribati, 209-2582, 5$*?k53;, 
aschneider@gmx.de, Schneider, Aloysia, Moldova, 908-5858, qF:5|jFW#8!, 
asebastian@juno.com, Sebastian, Ansel, Czechia (Czech Republic), 908-9461, |3XBpq, 
ashout@yahoo.com.au, Shout, Allistir, Albania, 925-5037, Nm"9rSAlq, 
asiemandl@hotmail.it, Siemandl, Avivah, Saint Lucia, 398-9627, R;7a0uG-\!;&, 
asinnott@t-online.de, Sinnott, Alan, Armenia, 997-9030, I#>)0|ke|>x, 
asmickle@hotmail.it, Smickle, Ansel, Côte d'Ivoire, 219-7002, h!8xWnL^1VW8, 
asokill@cox.net, Sokill, Arte, India, 925-1647, 9|4(]){v=, 
aspeenden@optusnet.com.au, Speenden, Alverta, Saint Vincent and the Grenadines, 270-1374, TQ*Js?!bp, 
asuggate@facebook.com, Suggate, Alexi, Guinea-Bissau, 270-6041, OL:YX&vX`k;/*IM, 
asummerill@rediffmail.com, Summerill, Adrea, Morocco, 429-5384, NLYve7RO*FnC@w:, 
asyncke@gmx.de, Syncke, Ancell, North Macedonia, 398-1177, V-`.H?VuyFE, 
atschersich@live.com.au, Tschersich, Andros, Bulgaria, 270-8731, ;R8JH_p&y, 
avernau@home.nl, Vernau, Amby, Rwanda, 429-4897, z[F|L$UEM^^, 
avirgo@tiscali.co.uk, Virgo, Ada, Djibouti, 997-5500, W/T|"Uqw.2)zY, 
awakeling@shaw.ca, Wakeling, Ann-marie, Mali, 908-3583, ]9`O2|Yg, 
awheowall@ymail.com, Wheowall, Arte, Central African Republic, 997-6140, Maa:Qb{=#, 
bainger@gmail.com, Ainger, Barde, Egypt, 444-9411, xhRKJ.]@1XD[HOO, 
bbalcon@rediffmail.com, Balcon, Bel, Indonesia, 908-8337, KZ_~G#?$<i, 
bbaldin@googlemail.com, Baldin, Boycey, Kazakhstan, 219-8238, c#hnp&1>w, 
bberard@qq.com, Berard, Butch, Zimbabwe, 925-1445, eZ/hJATA.}, 
bbest@web.de, Best, Brady, Afghanistan, 270-4050, lLkH^Tm, 
bbestwick@gmx.de, Bestwick, Boigie, Bosnia and Herzegovina, 429-8485, XC$:E1WK`}oe, 
bbirkenhead@outlook.com, Birkenhead, Bennett, United Arab Emirates, 444-2438, O3&8jx_{zVh6d, 
bbotger@yahoo.in, Botger, Brady, Micronesia, 219-6944, 3o=4=/3?)OkqWJ, 
bbourgeois@bol.com.br, Bourgeois, Bernette, Paraguay, 398-3878, yKi7't3iuc, 
bbulfoot@libero.it, Bulfoot, Brady, Malawi, 925-6915, ~K0'j@, 
bbumby@yahoo.ca, Bumby, Breanne, Vietnam, 209-8543, }W)fjp, 
bconford@free.fr, Conford, Bellina, Dominica, 270-9179, <\d^/t2I, 
bcrisell@msn.com, Crisell, Batholomew, South Korea, 398-2083, spYRO?, 
bcrisell@yahoo.de, Crisell, Becky, Bangladesh, 925-6337, N<vs'u;, 
bcronkshaw@facebook.com, Cronkshaw, Brittaney, Luxembourg, 444-8709, 4lCGtz-g1#, 
bd'almeida@aliceadsl.fr, D'Almeida, Bennett, France, 219-9585, QYJD80, 
bd'almeida@ymail.com, D'Almeida, Barnard, Slovakia, 398-5888, LVS]Nu7J, 
bdeveraux@mail.com, Deveraux, Brandise, Canada, 444-7236, BtOn9c.K$, 
bdewi@rediffmail.com, Dewi, Bax, Montenegro, 398-8602, YN?x1'FI9;`Th, 
beastlake@sfr.fr, Eastlake, Bel, Monaco, 270-8710, "_*loQ0~, 
bfeldman@laposte.net, Feldman, Bastien, Ukraine, 908-9144, Tzl];0ih, 
bfilmer@virgilio.it, Filmer, Bendix, Bangladesh, 925-1988, )%9'PM@|+R:`g:3&, 
bfrisdick@terra.com.br, Frisdick, Bonnibelle, Brunei, 398-6591, UhO|3t5o0S\8, 
bgerriet@facebook.com, Gerriet, Britney, Madagascar, 925-7205, pC8uS;j, 
bgerriet@live.ca, Gerriet, Belinda, Suriname, 219-9469, WxHmhIyl0%5, 
bgibling@yahoo.co.in, Gibling, Barron, Egypt, 270-3560, @M|4'>MO/N/T, 
bgilburt@aim.com, Gilburt, Bernhard, Côte d'Ivoire, 444-6602, ZtPz2(#<Ob$p, 
bgrahlmans@zonnet.nl, Grahlmans, Barb, Algeria, 209-3660, I<T]OT28, 
bgraveson@yahoo.es, Graveson, Braden, Oman, 925-2873, kQ>"X$Vzk0MQJ~, 
bgreenhowe@yahoo.com.br, Greenhowe, Buddy, Honduras, 925-1076, U&RfB&\Qs+R, 
bgregory@gmx.de, Gregory, Brady, Switzerland, 925-1060, e6/%gczHCm)>**C, 
bguitonneau@yahoo.com.ar, Guitonneau, Bonnibelle, Congo (Congo-Brazzaville), 444-7315, D&Kw!NXO=, 
bhemms@home.nl, Hemms, Burton, Luxembourg, 867-8622, Y4UDV04-|!r%Y3}, 
bhemms@hotmail.it, Hemms, Bentlee, Algeria, 398-3690, b-{F7B}>9GBPDrr, 
bjina@live.it, Jina, Breanne, Madagascar, 867-8074, [9/Q~i51v, 
bkelly@live.it, Kelly, Breanne, Brazil, 429-8475, y8z=ua}Jx*dfz, 
bkemble@hotmail.com, Kemble, Burtie, Germany, 925-6987, K@yI{:!/EgFU83I, 
bkernley@live.com, Kernley, Bennett, Iraq, 925-6256, i]d@s7n.hkoQ`VAP, 
bkhomishin@blueyonder.co.uk, Khomishin, Benoit, Iraq, 997-3847, bEozQN#{D-, 
bknowlden@wanadoo.fr, Knowlden, Bevvy, Albania, 219-9612, KeNTiK, 
bkuhnt@arcor.de, Kuhnt, Brooks, Central African Republic, 925-9173, ";zJct$AHNGC, 
bleidecker@sympatico.ca, Leidecker, Benedict, Bosnia and Herzegovina, 444-2712, ]tsCIYc;?ggMdB, 
blinne@verizon.net, Linne, Barnard, Laos, 444-5611, 2pB}K9N*c+2ZpNG0, 
blowe@hetnet.nl, Lowe, Barde, United States of America, 219-9816, LiMH{rawh, 
bluigi@yahoo.com.sg, Luigi, Beulah, Cuba, 444-8948, 0uOdAS`>Y, 
bm'quharge@libero.it, M'Quharge, Barde, Cambodia, 997-3712, +i'DrlX<YkLQ/T.W, 
bmaccallister@mail.ru, MacCallister, Benyamin, Bhutan, 270-2580, %v>]NWIh, 
bmartugin@sbcglobal.net, Martugin, Buddy, Kenya, 908-8986, axpEY(o3O, 
bmctague@live.com.au, McTague, Becky, Denmark, 209-1977, msT=X1-8bQnWI, 
bmordy@juno.com, Mordy, Bernette, Latvia, 925-2810, fcQb0gFxV6;X, 
bmurton@hotmail.fr, Murton, Billy, Cyprus, 925-7389, Jm;5?XG8q\u, 
bnardoni@laposte.net, Nardoni, Benyamin, Palestine State, 908-3495, A;bs:N-d, 
bnaulls@bigpond.com, Naulls, Belvia, Saint Vincent and the Grenadines, 925-7472, U`/u&Lo:M=u:MJ^Y, 
bpetruska@mail.com, Petruska, Benoit, Panama, 429-7444, $Q>1~mvL:dK=, 
bpett@orange.fr, Pett, Byrom, Croatia, 925-4762, uLR4J/1w95U?, 
brandlesome@mac.com, Randlesome, Buddy, Nicaragua, 270-1492, '=&~'A^XeIfP*EFj, 
brosenzwig@hotmail.it, Rosenzwig, Bernette, Saint Lucia, 270-5292, n>*s`8*X_B<E&c3_, 
brustidge@yahoo.co.uk, Rustidge, Brooks, Oman, 925-5409, OQ4^$R_T!9?}QX, 
bscarf@charter.net, Scarf, Batholomew, Estonia, 429-6232, %em3X{##3, 
bschneider@sky.com, Schneider, Barnard, Bosnia and Herzegovina, 219-6321, 470mGgL, 
bshout@sfr.fr, Shout, Brittaney, Seychelles, 398-2687, fh:'7FWesv, 
bsuett@hotmail.es, Suett, Breanne, Bahrain, 908-5157, <{ME{0[2>|3, 
bswainston@yahoo.co.jp, Swainston, Bertina, Maldives, 908-8066, uU(y06@4, 
btrice@sky.com, Trice, Byrom, Maldives, 867-2347, 8^WrN#qN, 
bvan oord@live.fr, Van Oord, Brook, Albania, 444-4792, m]JTysi, 
bvandenhoff@gmx.net, Vandenhoff, Barret, Switzerland, 997-9970, {?;3=IUO, 
bwakeford@mac.com, Wakeford, Benyamin, Uruguay, 867-8988, C'87c\\+@3g/, 
bwalesby@club-internet.fr, Walesby, Buddy, Namibia, 270-9938, 9l6Bs~{>2lA5|>, 
bwhillock@planet.nl, Whillock, Basia, Senegal, 997-1920, ~7{^+TR6r=0(v, 
bwyrill@aim.com, Wyrill, Britney, Japan, 209-2560, 1A"S-mD1('}, 
byacob@bigpond.net.au, Yacob, Bernie, Bahrain, 867-4164, qNn_x$k`]=:lq, 
cager@ig.com.br, Ager, Cobbie, Czechia (Czech Republic), 270-5538, zw?s!SD, 
cager@live.com, Ager, Curt, Cuba, 925-7327, &or"!*vuZUyNfC4K, 
cainger@laposte.net, Ainger, Curt, Kiribati, 925-7351, +lWo(Ud!~D.k5cY;, 
cbarnett@googlemail.com, Barnett, Christopher, Micronesia, 398-4529, ~'5`GNHVMo$a`x, 
cbaudouin@sympatico.ca, Baudouin, Casper, Liechtenstein, 429-4530, ?~ULm|CF5:=)"m1, 
cbeddoe@freenet.de, Beddoe, Chevalier, Burundi, 908-1860, FL;Xnod., 
cberard@hotmail.com, Berard, Claudia, Venezuela, 219-2221, |ZeIBh]ft!av&:MB, 
cbirdall@aim.com, Birdall, Cyndia, Bhutan, 997-9993, (="DIN@, 
cblankett@alice.it, Blankett, Claudia, Australia, 209-7140, #aWI3pHS5`E0<9E, 
cbroe@live.com, Broe, Clywd, Brazil, 429-3496, @%yNqM?"bz2/p{, 
cbrunker@hotmail.es, Brunker, Candida, Gabon, 398-6531, \0MbOt%<GW>_[m, 
ccahey@bigpond.com, Cahey, Claudius, Latvia, 444-7734, @YcV${1\+d0}J*, 
cchatwood@sbcglobal.net, Chatwood, Cordy, Poland, 867-1506, %dfm8*4j, 
cconahy@yahoo.co.in, Conahy, Casper, Honduras, 997-8567, ;c^tTHL+, 
ccourtliff@msn.com, Courtliff, Cirstoforo, Ghana, 925-1400, _90LO*yQFR, 
ccreer@earthlink.net, Creer, Correy, Syria, 270-3088, x|a<Tgm8=wCkd0, 
cdalliwater@bol.com.br, Dalliwater, Cobbie, North Korea, 219-4802, xqv"JRc, 
cdelong@hotmail.es, Delong, Caren, Comoros, 209-4797, D8fUP`*ncrI'm4S, 
cdenecamp@zonnet.nl, Denecamp, Conrado, Tanzania, 444-1719, x3!/[)lLr`sMN<R{, 
cdrummond@tiscali.co.uk, Drummond, Cosmo, Estonia, 997-2673, Zd}NF:, 
cdudney@yahoo.ca, Dudney, Cathleen, Mali, 444-9177, Lc{};`vj4Cur, 
cespine@ntlworld.com, Espine, Cordy, Afghanistan, 925-6955, =8\@SFg^\hQ, 
cfasham@tin.it, Fasham, Clerkclaude, United Arab Emirates, 429-4185, TQW8LrXS?kN1RK, 
cflaxman@hotmail.de, Flaxman, Cobby, Nepal, 219-8434, O]2iDlhue:(LJ, 
cfleury@aim.com, Fleury, Chandra, Eritrea, 867-7530, ]cA]R=?A;, 
cgallymore@yahoo.co.id, Gallymore, Chelsey, Nauru, 209-8300, D>sO42$y]A<-, 
cgillbe@chello.nl, Gillbe, Clement, Guinea, 429-8904, C/z!m#qFq5;c}E, 
cguilleton@mail.com, Guilleton, Cirstoforo, Somalia, 444-9926, /)1+55w', 
chorbath@voila.fr, Horbath, Cassey, Mexico, 925-7713, ~U7yWn.e, 
chulkes@yahoo.ca, Hulkes, Curt, Suriname, 997-1264, U}@HnEQ1B&Af, 
chundal@rocketmail.com, Hundal, Cirstoforo, Chile, 209-9096, 0_`x}V(!0, 
chuonic@zonnet.nl, Huonic, Christina, Laos, 444-4994, l&LwF>*@Q<@zwHgD, 
ciacovides@terra.com.br, Iacovides, Cammie, Switzerland, 997-7160, t{SVPQn, 
civanenko@aliceadsl.fr, Ivanenko, Cindelyn, Nepal, 867-1074, ks}pVGgR(3N, 
cjedryka@hotmail.it, Jedryka, Cece, Yemen, 398-7428, aXyZLH, 
ckays@msn.com, Kays, Candida, Namibia, 209-7645, E&Yt;w~?5sGf\, 
ckehri@terra.com.br, Kehri, Cleon, Saint Vincent and the Grenadines, 219-1559, >4^'gCLa1&Q[, 
ckerss@chello.nl, Kerss, Cherianne, Kazakhstan, 429-4423, zB8\nMl`}9;, 
cklas@freenet.de, Klas, Cosette, Moldova, 925-3871, pD4V`_/LB_E?Az, 
cklosges@skynet.be, Klosges, Clement, North Korea, 908-3903, 4A&NbkE=#nG], 
cleckenby@yahoo.com.br, Leckenby, Clo, Fiji, 270-4837, fr@pc>/vy"FO., 
cledstone@yahoo.com.br, Ledstone, Conrado, Sweden, 429-5687, '^<#Jha, 
clukesch@windstream.net, Lukesch, Cari, France, 398-6947, u6IfVL, 
cmacdiarmond@yahoo.co.jp, MacDiarmond, Cornelle, Tunisia, 209-5451, HnGR81#};f|Z)9yv, 
cmacskeaghan@comcast.net, MacSkeaghan, Cassandre, Nicaragua, 925-1927, Q%CJ^q?, 
cmitie@club-internet.fr, Mitie, Candida, Thailand, 429-5582, yA4GQ'Blh9<y>G]a, 
cmordy@live.nl, Mordy, Cammy, Ecuador, 270-8195, kk_Qqb@\Dp[$:fL>, 
co'meara@frontiernet.net, O'Meara, Cirstoforo, Turkmenistan, 444-6557, eIJUYLa_E+aiSq5, 
cocklin@skynet.be, Ocklin, Cirstoforo, Ireland, 925-9449, dR2Y}{(Q<|, 
cphelps@freenet.de, Phelps, Colline, North Macedonia, 444-8491, Cm(8.(v]|_-, 
cpresnall@live.com.au, Presnall, Cristobal, Australia, 398-9016, nG(]fL#4>}i(b, 
creinert@yahoo.com.sg, Reinert, Codi, Morocco, 209-5843, Fqr%KueJU&l}, 
criba@hotmail.it, Riba, Cirstoforo, Equatorial Guinea, 209-5805, jO}u0Bu++", 
cridge@ntlworld.com, Ridge, Clywd, Uruguay, 908-6734, F\A-hSG7uTlYnw, 
cridgwell@me.com, Ridgwell, Claudius, Malta, 908-8369, >&Z}TqCZCu, 
crosenzwig@yahoo.de, Rosenzwig, Clo, Chad, 209-9484, K`RtC-Rb=x_`ka, 
cseer@earthlink.net, Seer, Caddric, Lithuania, 270-5842, ~?dQ'(=BJ\')7e, 
csinnott@hotmail.co.uk, Sinnott, Chevalier, South Sudan, 270-2238, &wvkb?sLVs, 
cslogrove@msn.com, Slogrove, Chelsey, Iran, 867-6672, v?8cVWyK|/, 
csnarr@live.it, Snarr, Carolyne, Morocco, 867-6801, [%RBvR=-, 
cspiaggia@libero.it, Spiaggia, Conrado, Egypt, 270-5021, O76P+\HCS=lbi, 
cstagge@optonline.net, Stagge, Celestyna, Cameroon, 908-8669, {?0}`N}, 
cstollard@sbcglobal.net, Stollard, Cordy, El Salvador, 398-5957, *v_>Ez(.w, 
cstuck@hetnet.nl, Stuck, Cary, Paraguay, 997-9879, k.6Y|f_I, 
csuggate@centurytel.net, Suggate, Cletus, Grenada, 444-2776, FyY'&HBk7, 
csweeney@blueyonder.co.uk, Sweeney, Christopher, Tuvalu, 398-3249, /QQygng7f, 
cthurlbourne@bigpond.com, Thurlbourne, Cobbie, Dominica, 997-8812, ^zV!MU`U!("[[>{9, 
ctrelevan@qq.com, Trelevan, Cornelle, Lebanon, 444-7517, @)ziL-oVgpZuo@, 
ctripean@mail.ru, Tripean, Claudia, Slovakia, 444-3618, 8k/{Tsr, 
cturle@live.fr, Turle, Chuck, Haiti, 925-6096, %<*!GH1_, 
cvarndell@live.it, Varndell, Claudia, Qatar, 209-6486, &"W[f#, 
cvauls@optonline.net, Vauls, Carlin, Czechia (Czech Republic), 925-2942, BeU6xW+mCZ#dvyE, 
cwalesby@hotmail.co.uk, Walesby, Chandra, Kuwait, 867-7954, cyw'a*1I7[mBmS, 
cwalstow@yahoo.in, Walstow, Cherianne, Colombia, 219-6754, ~T<nlKl}s}PW, 
cwoodland@hotmail.com, Woodland, Cortney, Pakistan, 908-1391, .A>"SZHGv., 
cwoodland@live.com, Woodland, Cece, Ukraine, 209-4139, jPE%^;qPI^RfkY^m, 
cwoollin@optusnet.com.au, Woollin, Cortney, Burkina Faso, 429-3700, VOWU#h, 
dbarnett@ntlworld.com, Barnett, Debera, Guyana, 908-8652, 9Pv9vdb=, 
dbaudinelli@telenet.be, Baudinelli, Daren, Morocco, 270-2280, f0LaFa(LZlb$d", 
dbennis@web.de, Bennis, Debora, Poland, 997-1070, =d:@9DB43V]Mfsv, 
dblasing@optonline.net, Blasing, Deonne, Bhutan, 270-9768, nu{MQ3-ITNIBz-~), 
dborkett@hotmail.es, Borkett, Doti, Andorra, 429-6455, 9MH(GN(fZ', 
dborthram@freenet.de, Borthram, Daniella, Ireland, 219-6937, p.*$y@z@}}eq(, 
dbrecon@hotmail.com, Brecon, Dietrich, Austria, 209-5998, vanJVV(tnI[FP}5E, 
dbygrove@aliceadsl.fr, Bygrove, Dalenna, Iraq, 429-8710, eXFLaw6_y, 
dcapstaff@googlemail.com, Capstaff, Demott, Maldives, 398-4036, 8f)G8HN0W, 
dcharles@yahoo.com.mx, Charles, Demetra, Tonga, 429-3336, xi_ckHj<, 
dchatters@sympatico.ca, Chatters, Dian, Romania, 398-3161, Rmglm)F_U6]~_M, 
dclacey@tiscali.co.uk, Clacey, Doretta, Moldova, 444-8485, 4c[u%jLP/7, 
dcreser@live.ca, Creser, Drona, Ukraine, 429-5010, ^/ge6yq</, 
ddanell@yandex.ru, Danell, Dyan, Sierra Leone, 867-4959, D|qy[Yzt)SFNR*j3, 
dde ruggero@msn.com, De Ruggero, Dorree, Morocco, 925-6982, ddGCH0A\z", 
ddel monte@yahoo.com.sg, Del Monte, Derward, Dominica, 219-2230, %suF*=_2, 
ddumphries@live.ca, Dumphries, Devin, Palau, 429-3371, faBfMYXfY:]yF`, 
dfidal@hotmail.it, Fidal, Debera, Guatemala, 908-1675, g&jgFOe<7sawt, 
dfountaine@home.nl, Fountaine, Daren, Colombia, 209-3794, 8U}KDI3_, 
dgildea@yahoo.com.sg, Gildea, Daryl, Guinea-Bissau, 209-1178, HD2`o90}v/, 
dgraveson@free.fr, Graveson, Demetra, Iran, 270-6017, <>Rh(`"v5&Xdc2, 
dhallum@cox.net, Hallum, Dulcine, Kyrgyzstan, 908-4646, %3s-u4UPPMhhvJ], 
dheball@bol.com.br, Heball, Denver, Ecuador, 209-3683, l|*uj_d[nF@j, 
dhelsby@blueyonder.co.uk, Helsby, Dee dee, Vanuatu, 270-3389, &epWxxH, 
dhought@facebook.com, Hought, Don, North Korea, 219-3027, K<>-e7, 
dhowsley@me.com, Howsley, Dede, Maldives, 209-9165, 9bRG[wthz%, 
djerred@optusnet.com.au, Jerred, Darb, Tonga, 398-7772, &CH5:w, 
dkennady@sfr.fr, Kennady, Danella, Czechia (Czech Republic), 925-6820, +qz5V)HTi^~]M)<, 
dkiledal@sympatico.ca, Kiledal, Dalli, Eritrea, 270-3200, (b<{r5f;F4_[, 
dkulas@yahoo.es, Kulas, Doralin, Gabon, 925-6411, <}')wmvy?, 
dlocard@hotmail.es, Locard, Dniren, Gabon, 867-6264, U*PbXe, 
dloody@yahoo.com.mx, Loody, Devin, Saint Vincent and the Grenadines, 398-9347, )k"R}mSZ5, 
dmale@zonnet.nl, Male, Debera, Hungary, 398-8325, *Ami"jm)LC~, 
dmcausland@facebook.com, McAusland, Debera, Malta, 997-3227, +dT%sCL@ML+=Zy2, 
dmcausland@juno.com, McAusland, Dyan, Lithuania, 925-4169, c0\D7Xj).zw, 
dmeriguet@yahoo.com.sg, Meriguet, Darn, Canada, 925-6913, aaj:QBO.[WvB7, 
dmundwell@live.co.uk, Mundwell, Dniren, Kuwait, 444-7393, _nag_Lx`0jF, 
dmussared@msn.com, Mussared, Darb, Ecuador, 429-5065, so#{p(l)\BLS, 
dmusslewhite@aliceadsl.fr, Musslewhite, Doro, Saint Vincent and the Grenadines, 209-1897, IN\7A&&6, 
dnetting@mail.com, Netting, Dee dee, Senegal, 270-6726, _@@}gq, 
dpeyes@hetnet.nl, Peyes, Didi, Kyrgyzstan, 997-2829, qUDIJ&"v#GR)@, 
drichardson@charter.net, Richardson, Didi, Rwanda, 444-8241, V@EI-#UFrI, 
dscurlock@bluewin.ch, Scurlock, Danny, Iran, 429-8342, FQLIHh-2U, 
dscurlock@voila.fr, Scurlock, Debi, Sierra Leone, 997-9705, "yI'?1U"Yd3?_, 
dseebert@bigpond.net.au, Seebert, Dirk, Mauritania, 908-5168, rU's6)hx)4:, 
dsharpus@orange.fr, Sharpus, Daryl, Oman, 997-6006, NC1ffI@7ZKXr1-B, 
dspring@live.nl, Spring, Daryle, Cuba, 270-5451, 1|43IIoQGI:, 
dtaffley@yahoo.com.br, Taffley, Dino, Saint Lucia, 209-6103, ^VrGMnR, 
dvellacott@yahoo.co.uk, Vellacott, Danny, Kyrgyzstan, 908-8666, N:L6a!"[;[z, 
dwhiffin@yahoo.fr, Whiffin, Dorree, Libya, 219-1003, SmeDvm\tr+Mu'12, 
dyakovlev@hotmail.com, Yakovlev, Dino, Albania, 219-2530, ]O<ER+, 
dyarrell@home.nl, Yarrell, Dino, Cambodia, 867-9714, xVv~:PsJa2, 
eabbs@verizon.net, Abbs, Eb, Sao Tome and Principe, 209-2857, 7yn^x`F3cP:PD, 
eabrahamoff@yandex.ru, Abrahamoff, Elke, Albania, 219-9751, d_&7I6NFh:3(4, 
ebarrie@centurytel.net, Barrie, Erhart, Cyprus, 908-4492, )*]LA'KN?%|, 
ebeaushaw@bluewin.ch, Beaushaw, Ethelyn, Albania, 429-4648, }v<\r+L}RgUb_~HR, 
eberthe@terra.com.br, Berthe, Elwin, Zambia, 429-3380, gq=E:kx2{vhweE, 
ebinstead@yahoo.it, Binstead, Elyn, Palestine State, 925-3160, "nSxyD, 
ebird@yahoo.com.au, Bird, Ezri, Guinea, 209-9109, ZtlY@DC7y, 
eblay@bol.com.br, Blay, Ethan, Saint Lucia, 270-2921, :G{wpeZyY5, 
ebodham@live.co.uk, Bodham, Ermengarde, Namibia, 997-8893, Lm}#j2}=XXV5feFl, 
ebrunker@yahoo.ca, Brunker, Elenore, Democratic Republic of the Congo, 209-2042, $4Nu4?, 
ecapstaff@web.de, Capstaff, Ella, Haiti, 908-8465, M6xBKHL`35DtVU, 
ecarthew@att.net, Carthew, Euell, Papua New Guinea, 997-4589, H~l.&&x#=O!5, 
ecaulket@yahoo.co.id, Caulket, Ellis, Cyprus, 925-2627, oMh=1k*-f|$uJ, 
echarles@gmx.net, Charles, Elna, Ecuador, 429-8713, 1_Q/XN$i;wn1g"0, 
eclaesens@centurytel.net, Claesens, Elvin, United Arab Emirates, 398-7400, UB!;wa1mVJj, 
ecornall@ntlworld.com, Cornall, Emory, Iceland, 429-6230, 9-4*;=h=[Sj_uw>, 
ecrawshay@earthlink.net, Crawshay, Ed, Algeria, 209-1717, =c~6#tQA2H49, 
edenisovich@juno.com, Denisovich, Ella, Oman, 429-7428, Z*ARR)1)j, 
edorken@wanadoo.fr, Dorken, Estele, Nicaragua, 398-3421, VOg+@c0"xANO{W, 
eedwards@live.nl, Edwards, Elna, Nauru, 209-4862, SkXB+(, 
eellyatt@yahoo.com.mx, Ellyatt, Ethel, Gambia, 867-8207, Q\n<>"SSX>&'^+n%, 
efasham@googlemail.com, Fasham, Elia, Palau, 429-7069, cq<?WBmf]w<!+h, 
efebvre@cox.net, Febvre, Ezri, Albania, 908-6027, T[6U`)~rEu?, 
egilleon@yahoo.co.in, Gilleon, Everett, United Arab Emirates, 908-5084, 9c4Af-I6`c, 
eglenton@bigpond.net.au, Glenton, Eula, Sri Lanka, 209-1336, [xec*c9IU, 
egoscar@optonline.net, Goscar, Erhart, Rwanda, 908-7851, +GosnE#%, 
egrebner@bol.com.br, Grebner, Eula, Palestine State, 444-2786, rht*WjR>NNekUc, 
ehames@terra.com.br, Hames, Eleanora, Guyana, 429-7391, yq:&'.:;j4GhSr6r, 
ehitter@tin.it, Hitter, Etta, Panama, 867-9932, Kb(SK|9d%!//<o~Z, 
ehoggin@web.de, Hoggin, Euell, North Korea, 219-1322, c3W?R"2, 
ehold@yahoo.com.mx, Hold, Elana, Georgia, 398-9800, (MSzEE, 
eivins@bigpond.com, Ivins, Everard, France, 209-8591, 9+QE=xVE/, 
ejermyn@charter.net, Jermyn, Enrichetta, Poland, 444-9772, #<zd8$xw'[u/Nb, 
ekeam@telenet.be, Keam, Ella, Sri Lanka, 270-2597, Z&9y~&PM\, 
ekehri@yahoo.com.br, Kehri, Edmund, Belarus, 429-2180, +Pf<_)2iN, 
ekrier@yahoo.co.jp, Krier, Evangelin, Moldova, 209-4351, Zw4:_R=\VS;PC$, 
ekuhnt@centurytel.net, Kuhnt, Ella, Sri Lanka, 997-6190, 16_HCIyg'E}, 
elevensky@ymail.com, Levensky, Ella, Marshall Islands, 219-6324, Wl&M6M7Iye#9HU, 
elundbeck@bigpond.com, Lundbeck, Etta, Uruguay, 219-4199, Ze&:+w, 
emaase@earthlink.net, Maase, Emory, Paraguay, 429-1610, i|2|%thtKhq!, 
emaccallister@neuf.fr, MacCallister, Emory, Nicaragua, 209-4379, swrr:+XM\s;d, 
emacquist@yahoo.ca, MacQuist, Elenore, Australia, 429-6677, XQ<$8?s, 
emegahey@hotmail.de, Megahey, Eulalie, Mali, 209-7780, `RZ0\X"h%Y, 
eo' dornan@tiscali.it, O' Dornan, Engelbert, Burundi, 219-8663, ^B}(Wg+%=, 
eo'meara@aol.com, O'Meara, Ed, Rwanda, 209-5498, -B2P#XuWcSXU*}Q, 
escholfield@att.net, Scholfield, Elinor, Japan, 444-8274, R`/'kCd, 
eseebert@hotmail.es, Seebert, Etta, Georgia, 925-8874, O;WZaxR5dAY, 
esentance@rocketmail.com, Sentance, Elna, Equatorial Guinea, 925-2135, G]cx05J:#i, 
eshuttell@live.ca, Shuttell, Ezri, Iran, 219-3773, qYN2feN{eVulHDz<, 
espring@bluewin.ch, Spring, Elia, Lesotho, 997-2706, u8%z-8H"]=&, 
ethelwll@comcast.net, Thelwll, Elwin, Sudan, 444-1552, B5=%-&m'w@MJPI&, 
etink@frontiernet.net, Tink, Ethan, Tajikistan, 908-7944, (rD|<A, 
etoomer@facebook.com, Toomer, Elwood, Lesotho, 219-6252, 0iFiX'=O!8&!!t`, 
ewakeford@bigpond.net.au, Wakeford, Ellis, Paraguay, 867-3003, Uh/U=HBob-kY&, 
ewakeling@free.fr, Wakeling, Erminie, Marshall Islands, 997-4849, [Z1.)38V, 
ewartonby@gmail.com, Wartonby, Elyn, Azerbaijan, 209-5396, (~np.N|, 
fberthe@zonnet.nl, Berthe, Felike, Somalia, 219-9674, aISp4<mjuZ, 
fbulfoot@blueyonder.co.uk, Bulfoot, Fanchette, Botswana, 398-7828, RkPg}*[+EI, 
fcornall@outlook.com, Cornall, Filia, Iran, 867-8689, M6cQbq$, 
fcreser@bol.com.br, Creser, Francesca, Eritrea, 429-1097, s([q@_Rv7H, 
fdenisovich@wanadoo.fr, Denisovich, Ferdie, Panama, 925-9511, nCM/"&y&;=Q+!, 
feastlake@terra.com.br, Eastlake, Farley, Qatar, 219-4069, t<U6""57, 
fembery@yahoo.co.jp, Embery, Fifine, Benin, 429-5832, {4ukw;@mDQ4T)vm, 
ffeldman@tiscali.co.uk, Feldman, Friedrick, Sao Tome and Principe, 997-2666, (@wmC`@xX, 
ffinden@voila.fr, Finden, Felix, Samoa, 398-7290, U5gUaw0v>3tI9=@, 
fglazyer@yahoo.com.ar, Glazyer, Farrell, Bolivia, 908-1732, b6?Q"%]^v2l2, 
fgollin@yahoo.it, Gollin, Feodor, Bolivia, 429-2214, UuCSiOa9?rKOHmi, 
fhold@rambler.ru, Hold, Francesca, United Arab Emirates, 429-4582, vUA_JCJq&Np~/, 
fjermyn@uol.com.br, Jermyn, Finlay, Democratic Republic of the Congo, 908-9823, >;v(BY!"n(i, 
fjina@tiscali.it, Jina, Fair, Ethiopia, 398-1541, {69qc0cLA9XT4U!, 
fkale@tin.it, Kale, Findlay, Cyprus, 925-5856, (WTK%"qx}>{u7Z, 
flabitt@bluewin.ch, Labitt, Finlay, South Sudan, 908-2014, {WOel@HKSUQkL, 
flauks@home.nl, Lauks, Feodor, Moldova, 908-3004, Ss~yw$*sRI#a472, 
fleidecker@outlook.com, Leidecker, Franny, Tajikistan, 270-1235, 7*$Z>0d{rk:Z, 
floads@yahoo.com.ar, Loads, Fanchette, Costa Rica, 209-3499, [<]]8nsmrlm, 
fmaase@zonnet.nl, Maase, Ferdinand, Finland, 429-9988, Qi-<'2DI, 
fmaccathay@yahoo.com, MacCathay, Feodor, Ukraine, 444-7238, bZR)>^Er?RV.6, 
fmacquist@aliceadsl.fr, MacQuist, Fredelia, India, 209-9454, Fg(]F]zO{q\86Oc, 
focklin@terra.com.br, Ocklin, Fraze, Chad, 997-9107, 'o:%cSD$?arW, 
fsmeal@live.nl, Smeal, Finlay, Eswatini (fmr. "Swaziland"), 398-7079, T}HX{rRG(/ZNyzp", 
fspragg@qq.com, Spragg, Felix, Sweden, 209-9688, 3xgsK#o}lAs, 
fvallens@bol.com.br, Vallens, Findlay, Mali, 270-7290, IFf?KPDE*r*{j, 
gainger@yahoo.com.br, Ainger, Glyn, Japan, 209-3376, =Rb}j+L, 
gantoniottii@msn.com, Antoniottii, Giuditta, Guatemala, 429-7029, 0>o;$J5v_SZ~p_, 
gberthe@hotmail.es, Berthe, Guss, Maldives, 429-3627, t_ye1p(#NVai@, 
gblamphin@tiscali.it, Blamphin, Gerladina, Nauru, 398-4176, ":~"PZ~)G(;F3, 
gbleddon@sbcglobal.net, Bleddon, Gnni, Kyrgyzstan, 925-9616, ~cX/zv", 
gborrill@shaw.ca, Borrill, Gardiner, Guinea, 444-9138, zw4suR$<RDvVXE, 
gbrodhead@laposte.net, Brodhead, Gabby, Denmark, 997-5786, &M-x"t&!<, 
gcapstaff@charter.net, Capstaff, Gawen, Bangladesh, 270-8646, T:Utp:A$on"B~, 
gcarmel@hotmail.de, Carmel, Giulio, Madagascar, 925-3175, TMXHV:, 
gcarthew@bluewin.ch, Carthew, Gonzales, Luxembourg, 908-7982, R'kl1}KRa>M, 
gcrayden@yahoo.co.id, Crayden, Gil, Bahrain, 997-3284, fw3<#x, 
gcrebbin@freenet.de, Crebbin, Ginnie, Laos, 219-1408, u/i||7C[9B'an-9H, 
gdimbylow@free.fr, Dimbylow, Grazia, Belarus, 429-3996, N-Acg>}Kp=/umcik, 
gdimbylow@freenet.de, Dimbylow, Gail, Timor-Leste, 925-5249, {oeT7|, 
gdinnies@centurytel.net, Dinnies, Granger, Namibia, 209-9689, )O?$h[hvF-8G, 
gdorken@home.nl, Dorken, Geoff, Japan, 209-5189, !hui_.f, 
gdumphries@outlook.com, Dumphries, Griffith, Namibia, 867-1860, b(2IUG-B$zX-, 
gfeatherstone@live.fr, Featherstone, Garrek, Hungary, 925-2690, [""yxQyh[, 
gfer@earthlink.net, Fer, Gene, Philippines, 398-4354, 5l+hSHcqL, 
gflowith@gmx.net, Flowith, Gabby, Nauru, 867-8633, y=jBGCUR@7Td, 
gfriedman@yahoo.de, Friedman, Glenn, United Kingdom, 398-6292, i>yx&8it, 
gfurmenger@t-online.de, Furmenger, Georas, Nauru, 270-6553, 3Ryi<%b"{O#8, 
ggebhard@zonnet.nl, Gebhard, Gil, Bosnia and Herzegovina, 997-5317, --Dv<ur2_fHSEwb, 
ggladdis@yahoo.com.br, Gladdis, Gregory, Namibia, 209-3587, ]16$$Ad/%Ek[FDQ8, 
gglasner@sky.com, Glasner, Gabie, Haiti, 209-6320, oJFg{ccS-:#s*c, 
gglassborow@facebook.com, Glassborow, Griffith, Montenegro, 908-7202, 82gg6Q%^;sH], 
ggreenhowe@uol.com.br, Greenhowe, Granger, Cuba, 429-8501, Je9pxDPX, 
ghattam@planet.nl, Hattam, Guthrey, Guinea-Bissau, 209-1194, =YwF0?)KlUf, 
ghember@skynet.be, Hember, Gerladina, South Africa, 398-8666, O|ev)lkt3|, 
gkays@optonline.net, Kays, Godfrey, Germany, 908-1902, FF(/VN5g_a/}X[n, 
gkemble@aol.com, Kemble, Georas, Saint Kitts and Nevis, 270-2484, z6wN+$|I{, 
glacasa@zonnet.nl, Lacasa, Gawen, Bangladesh, 925-1127, X~EDUj&, 
gleipelt@uol.com.br, Leipelt, Gerladina, Papua New Guinea, 925-1828, @3YYK58*X, 
glemarchant@live.ca, LeMarchant, Gnni, South Korea, 867-2736, {Q1@ZE]Q, 
gmabb@gmx.net, Mabb, Gregory, Albania, 997-9623, =$H_Hl, 
gmarchington@hotmail.co.uk, Marchington, Guy, Uzbekistan, 270-9474, i/x!W4, 
gmatussov@rambler.ru, Matussov, Glyn, Pakistan, 867-5062, IKNneb"4.@F5x4, 
gmccritichie@live.fr, McCritichie, Ginnie, Kazakhstan, 219-1219, !|NEm1c;%p]f, 
gmcginlay@cox.net, McGinlay, Geoff, Jordan, 398-1512, rChy0Uc)fqx, 
gmillthorpe@hotmail.com, Millthorpe, Granger, Morocco, 429-7721, TeVa[tZ, 
gparsley@optusnet.com.au, Parsley, Galen, Croatia, 270-6891, X4s49", 
gpunton@facebook.com, Punton, Garreth, Cabo Verde, 398-9557, ATPTI7ugsgj., 
greppaport@facebook.com, Reppaport, Glyn, Tajikistan, 270-2908, 5}MKP]&+$c[, 
gruffle@yahoo.com.mx, Ruffle, Garry, Yemen, 925-3584, ~hI(P{rJICOAw, 
gsarre@tiscali.it, Sarre, Gisella, Poland, 429-9747, uwzJA&8s(~9$ae, 
gstruis@googlemail.com, Struis, Gonzales, South Sudan, 925-1241, Oc8:)[K4byCr:<, 
gvarndell@centurytel.net, Varndell, Guy, Thailand, 444-4366, P0b+eIXt, 
gwestcot@planet.nl, Westcot, Geoff, Oman, 444-5958, JJ1bKXT7hEn, 
gwilne@rediffmail.com, Wilne, Gannie, Rwanda, 429-4603, f`B'LC^Gh, 
gwoodgate@yahoo.com, Woodgate, Ginni, Libya, 429-3222, v]IP#/VZ:~P\Ofrx, 
gwooff@yahoo.com.mx, Wooff, Gelya, Papua New Guinea, 219-5246, '%2F`3ln'O}g, 
habatelli@hetnet.nl, Abatelli, Hillel, Romania, 444-6328, X(zxrcOpW6l7%d, 
hantoniottii@yahoo.co.in, Antoniottii, Hamnet, Jamaica, 867-8223, b8tAH~, 
hazam@mac.com, Azam, Hamel, Guinea-Bissau, 925-6496, ?oT5YlsmI!!, 
hbassil@freenet.de, Bassil, Herbert, Malaysia, 908-4662, y>hM;Td, 
hbrabben@mac.com, Brabben, Helyn, Finland, 398-6574, b:nLyIkw1, 
hbukowski@yahoo.com.mx, Bukowski, Herbert, Ecuador, 867-8873, >lVlpAd%, 
hcharles@home.nl, Charles, Hilton, Maldives, 429-4878, 6Usd#\]huX8"b[5, 
hde ruggero@hotmail.it, De Ruggero, Heida, Bahamas, 209-5176, zZpy0^, 
hdi pietro@yahoo.co.in, Di Pietro, Haze, Palau, 908-9339, :nj.)Gju9?7Vq, 
hdrummond@bigpond.net.au, Drummond, Hadleigh, Cuba, 209-2896, H'NBEF, 
hegglestone@yahoo.es, Egglestone, Horst, Libya, 997-4882, oQ`*ZR, 
hfritter@rocketmail.com, Fritter, Hillel, Singapore, 444-2159, =q3a-f"`, 
hgheeorghie@chello.nl, Gheeorghie, Hamnet, Zambia, 867-5512, y]fN~F, 
hgladdis@orange.fr, Gladdis, Hadria, Cabo Verde, 444-9810, c_\=">uq{/i3zSw", 
hgladdis@virgilio.it, Gladdis, Hadria, Liberia, 908-3386, IosJ<Wp`N+, 
hglenton@rambler.ru, Glenton, Hans, Suriname, 444-6680, V}Ur.vjqXD, 
hhames@ymail.com, Hames, Hillel, North Korea, 270-3532, <HQkB0, 
hhaney@laposte.net, Haney, Henrietta, Lithuania, 209-9477, c)a6gX(@8&, 
hhoultham@yahoo.es, Houltham, Hakeem, Cambodia, 398-6633, 4GI0A>s7;N, 
hivons@yahoo.com, Ivons, Honoria, Madagascar, 219-6532, 3b)zlJ;(N, 
hmallard@zonnet.nl, Mallard, Halsy, Angola, 925-9024, 3]WPB]K&.PX9, 
hmcausland@live.com, McAusland, Hans, Niger, 209-4155, 4Dh|P)ZoU, 
hmcglaughn@skynet.be, McGlaughn, Herbert, Japan, 219-7218, =pL0Zh<)t, 
hmeagh@blueyonder.co.uk, Meagh, Helene, Gabon, 429-6455, t#5jD4#<z, 
hmesser@yahoo.ca, Messer, Hamel, Democratic Republic of the Congo, 398-3438, f?pD$i6C7bB~Z`h:, 
hmummery@gmx.net, Mummery, Hamish, Guinea-Bissau, 867-2609, MgoiQ".~!%Vv2, 
ho'donoghue@aol.com, O'Donoghue, Homerus, Saint Vincent and the Grenadines, 908-1923, K!p;;;!\NCmZ:S, 
hrawstorne@frontiernet.net, Rawstorne, Hill, Eswatini (fmr. "Swaziland"), 270-3144, d<[N;H, 
hreedman@orange.fr, Reedman, Hendrik, Comoros, 908-2090, CW"vt}\#, 
hriba@mail.com, Riba, Horst, Italy, 925-9341, Vsnr5F, 
hrooke@att.net, Rooke, Hendrik, Solomon Islands, 219-3875, geD+<d?xF"^dEd{, 
hsauvan@rocketmail.com, Sauvan, Hakeem, Slovakia, 209-3110, dG5>?tT{."/XswI', 
htroutbeck@optusnet.com.au, Troutbeck, Hamnet, Chad, 444-4470, ucGG0\<3IBF, 
hwardle@yahoo.com.sg, Wardle, Halsy, Qatar, 925-5339, _e_bQv*, 
idansken@club-internet.fr, Dansken, Isadora, Kyrgyzstan, 209-4539, *s\Y-seYQn, 
igoodluck@club-internet.fr, Goodluck, Ivett, Romania, 219-2094, x"$=m/)8Ht, 
igyde@yahoo.it, Gyde, Ileane, United States of America, 444-3958, ;A$sm#eE9q3, 
imaccathay@yahoo.es, MacCathay, Ileane, Indonesia, 398-7475, \Ska(T>5q', 
imccritichie@sympatico.ca, McCritichie, Isadora, Austria, 908-6084, m^FD@"rT=0\, 
inewiss@gmx.de, Newiss, Idalia, Iceland, 925-3066, 3Fc"j5, 
isyncke@gmx.net, Syncke, Issiah, Palau, 925-3757, A8~k`1=->, 
jaleksankin@live.com.au, Aleksankin, Jermain, Solomon Islands, 997-3215, QFcI"`EuMk8y<U, 
janthony@blueyonder.co.uk, Anthony, Janella, Barbados, 925-9585, <e2~Pn, 
jbartlam@hotmail.co.uk, Bartlam, Jaimie, Belgium, 867-2799, .-!78HdPDt, 
jbartlam@mail.ru, Bartlam, Jacky, Vietnam, 997-7496, _ir{.|QP-A<d23, 
jbettington@terra.com.br, Bettington, Janifer, Libya, 429-9164, ;Ih{$<?(gRoebk&Z, 
jbettington@uol.com.br, Bettington, John, Marshall Islands, 209-9719, r]%y]L67y, 
jblackaller@tin.it, Blackaller, Jacinda, Malawi, 429-1628, ymxl4nF\G-, 
jblackhurst@club-internet.fr, Blackhurst, Jesselyn, Andorra, 925-3518, aXcL'(]yiH|g+:&, 
jbleeze@sympatico.ca, Bleeze, Jeramey, Syria, 209-4647, NV#yC4ZCIE7K, 
jborthram@yahoo.it, Borthram, Jennette, Vanuatu, 398-8687, #G-n=jg, 
jbroe@telenet.be, Broe, Jocko, Seychelles, 270-6600, 6C;Iw-Y, 
jbulloch@virgilio.it, Bulloch, Jemmie, Luxembourg, 219-5238, !hbggGiL.-L;, 
jcino@optonline.net, Cino, Joshuah, Sri Lanka, 270-8684, Wtiu<-%^\@''dV, 
jcornau@yahoo.com.mx, Cornau, Jesselyn, Lesotho, 997-4661, x='Ky9}g(;u, 
jcreer@hotmail.de, Creer, Jazmin, Albania, 908-4889, \xA}>HMh, 
jdockrell@skynet.be, Dockrell, Joshia, Vietnam, 429-8345, ]VCKsu%lf, 
jfidal@hotmail.de, Fidal, Jacenta, Tanzania, 398-1555, KAT#@\]?gVVS6%, 
jfinden@ig.com.br, Finden, Jobina, Brazil, 444-3766, 3KWOV3t8myYs-*, 
jfritter@free.fr, Fritter, Julie, Lebanon, 925-5148, |N'A0UnN, 
jgallymore@yahoo.com.mx, Gallymore, Jarret, Holy See, 908-1837, .J?gi}[}, 
jgallymore@zonnet.nl, Gallymore, Joe, Cabo Verde, 270-7101, 9H&d[!/`F:9`f7h2, 
jgeeraert@bol.com.br, Geeraert, Jeremy, Chile, 209-3965, PFN8DkQ9X, 
jglazyer@laposte.net, Glazyer, Jonis, Liberia, 444-5923, Cf90{AWYKUX, 
jgooddie@aliceadsl.fr, Gooddie, Joshia, Morocco, 219-3687, /ko7|MN\ss, 
jgresswood@uol.com.br, Gresswood, Jessalin, Vietnam, 925-9061, Vj)Z&g\FtZ.Q;e, 
jgreystock@ig.com.br, Greystock, Jacky, South Sudan, 908-3126, pAN`ItqrkZYK, 
jgwilliam@aol.com, Gwilliam, Joe, Iceland, 867-7044, =#p0gmBZJM, 
jhartless@yahoo.co.id, Hartless, Jayson, Cameroon, 925-3320, 6q)c|%, 
jhavile@charter.net, Havile, Jarrid, Saint Kitts and Nevis, 219-8833, )_R~wf`n=G9X.cO, 
jitscowics@sfr.fr, Itscowics, Joletta, Haiti, 270-3810, 2j-h20X`, 
jlacasa@hotmail.fr, Lacasa, Jerad, Suriname, 270-8398, 2k<d;?PN~kv+AkN, 
jloud@mail.com, Loud, John, Guinea-Bissau, 429-7440, [0Kq~SLTo{;DUr, 
jmaclice@bigpond.com, MacLice, Jennette, Tuvalu, 908-5960, `d$OBl%T%, 
jmacquist@aim.com, MacQuist, Jesselyn, Cameroon, 398-1210, )*d^b4, 
jmarzele@yandex.ru, Marzele, Janella, Luxembourg, 444-1846, *W}M1`nn:p*Yo, 
jmulchrone@gmx.de, Mulchrone, Jase, Holy See, 219-4423, 1WNKhLk3, 
jmusslewhite@club-internet.fr, Musslewhite, Jessalin, Kuwait, 997-8879, ^++u}!b7, 
jnacey@live.co.uk, Nacey, Janel, Grenada, 997-2911, SCq1vJ|, 
jnardoni@blueyonder.co.uk, Nardoni, Jarret, Timor-Leste, 867-1222, ZRV?LYCdG'WY, 
jprati@centurytel.net, Prati, Jacinta, New Zealand, 270-1450, %sJR/*'&WE5hyo, 
jredfield@outlook.com, Redfield, Jonis, Jamaica, 867-4384, bb2bxdEx5%), 
jrodgier@aol.com, Rodgier, Jemmie, Marshall Islands, 908-7086, .ZgVB=, 
jsherborne@gmx.net, Sherborne, Jeffry, Finland, 429-5960, +4u>l]B56xs4M:, 
jsiemandl@facebook.com, Siemandl, Jacinta, Kyrgyzstan, 270-6674, `]U:%i+%RCFj, 
jsimmonds@yahoo.com.sg, Simmonds, Jesselyn, Lithuania, 997-1682, ?t6l\lOX"3>P#, 
jsnasel@hetnet.nl, Snasel, Jeffry, Indonesia, 908-5300, %rHQu|u^, 
jsuggate@blueyonder.co.uk, Suggate, Justin, Kenya, 867-9672, 8#&6=z7l?&1^;eAd, 
jthelwll@voila.fr, Thelwll, John, Bosnia and Herzegovina, 867-3527, \)>*{r1|{VWv!:, 
jvernau@neuf.fr, Vernau, Jeremy, Sierra Leone, 398-5518, 3/=HNMgQPE, 
jwalesby@rediffmail.com, Walesby, Jase, Philippines, 997-7618, Zjun3~"]dm9x7_C, 
jwalesby@t-online.de, Walesby, Joell, Cambodia, 398-5516, P02h]28/]nm, 
jzecchini@hotmail.de, Zecchini, Jobina, Nicaragua, 219-7007, 0WPIBGw, 
kandrichak@earthlink.net, Andrichak, Karlee, Papua New Guinea, 444-4357, @yFq:N'hHAZtuV, 
kandrosik@alice.it, Androsik, Kassie, Saudi Arabia, 867-7404, :E-hiaJzCoX, 
kberkely@free.fr, Berkely, Kalindi, Palestine State, 398-3549, .?"5mUsn[7O.6, 
kblay@optonline.net, Blay, Kendrick, Luxembourg, 209-5440, $El`;*E2$%@>u, 
kbooij@me.com, Booij, Kellia, Finland, 444-1012, aCmccM{)u, 
kcasper@alice.it, Casper, Karoly, Pakistan, 398-9362, qi(A*yE^dVPz;, 
kchasmer@googlemail.com, Chasmer, Kirby, Uzbekistan, 219-8281, YRzYw]&]4n-bWF, 
kchidwick@outlook.com, Chidwick, Kincaid, Jamaica, 444-4943, u+poi]]Q://$y/, 
kclaque@skynet.be, Claque, Kippar, El Salvador, 270-9487, s-4>rybz56-xPH, 
kdauney@yahoo.fr, Dauney, Keene, Venezuela, 219-7079, pv):~D-|ajW, 
kde ruggero@windstream.net, De Ruggero, Kassie, Cyprus, 270-3598, B|waK<'!i, 
kdeetlof@yahoo.com.mx, Deetlof, Kandace, Czechia (Czech Republic), 444-3907, -xza2.EbLy@leY, 
kdoonican@live.nl, Doonican, Koressa, Sao Tome and Principe, 867-6751, Kj%KYDg\@", 
kdwyer@arcor.de, Dwyer, Karel, Niger, 444-8325, km]jgq;yi8{=3, 
keastlake@cox.net, Eastlake, Kessiah, Papua New Guinea, 270-5956, "NX7=]4X, 
kevequot@charter.net, Evequot, Kandace, Botswana, 444-1971, ~KI2'WYrjy6G4&b, 
kfairy@live.it, Fairy, Kassia, Uzbekistan, 997-2537, X$6obP, 
kfeldman@qq.com, Feldman, Kassia, Uganda, 429-7236, 34Gu~'Yq"H;[B}8], 
kfritter@yahoo.com.au, Fritter, Karel, Namibia, 908-4809, j;qiuK, 
kgebhard@sky.com, Gebhard, Kellia, Croatia, 209-3189, A<H*~rV, 
kglander@optusnet.com.au, Glander, Kelcie, Cameroon, 908-9376, |gYhG`j3$nK+, 
kgollin@charter.net, Gollin, Kristien, Palau, 997-6150, 9<?/d+8G)cFD%, 
kgyde@bellsouth.net, Gyde, Kylen, Sudan, 908-4979, PjS9.kMzLupQC{, 
khemms@yahoo.co.id, Hemms, Karen, Italy, 219-8385, QpXC_!D{aFpn, 
kiacovides@yahoo.in, Iacovides, Kameko, Ireland, 209-7786, g=VLr0NZ\, 
kjorez@gmx.de, Jorez, Karyl, Albania, 867-1600, E(g`>QcUuSGL, 
kkaindl@gmail.com, Kaindl, Kiah, Nicaragua, 398-2400, 4DoTqy~43, 
kkirtley@live.co.uk, Kirtley, Kalindi, South Africa, 925-6650, "p(D1(, 
klacasa@sbcglobal.net, Lacasa, Kanya, Mauritania, 429-3637, WK"bxcXQ]EQ, 
klangsdon@bol.com.br, Langsdon, Kissiah, Croatia, 209-2130, q@{c+qwLcjs@(%z, 
kledstone@centurytel.net, Ledstone, Koressa, Libya, 429-6492, T_mS@+E2q`, 
klemarchant@ntlworld.com, LeMarchant, Kylie, Honduras, 219-9679, -1+AZ%r#:RYq?By!, 
klillecrap@ntlworld.com, Lillecrap, Kandace, Bahamas, 925-9616, nO)*JyZ, 
klinsay@bol.com.br, Linsay, Kristin, Mongolia, 925-9576, -ltMYRL1gKKHNW>N, 
kmarvell@hotmail.co.uk, Marvell, Katherina, Luxembourg, 444-6130, 4nfz@0, 
kmather@hotmail.fr, Mather, Kelcy, Mali, 908-6655, gt`EOPcYxC, 
kmerrisson@yahoo.co.jp, Merrisson, Kermie, Japan, 270-5177, wAZHq(L, 
kmesser@laposte.net, Messer, Kellia, Tuvalu, 997-2167, K(H+.w~p%06`i:S, 
kmordy@yahoo.com.br, Mordy, Kordula, France, 270-4984, $K|HJc]}b}uH93\, 
knockells@uol.com.br, Nockells, Kanya, South Korea, 429-9444, xxra<&VT'k, 
kocklin@sbcglobal.net, Ocklin, Karney, San Marino, 867-7303, EaUX:JgP`JwyHzC;, 
kpabelik@yahoo.it, Pabelik, Kerby, Rwanda, 209-9686, EEMrU~Xy4O17, 
kpendrey@cox.net, Pendrey, Karney, Cameroon, 908-6118, K~do&{, 
kquinevan@gmx.de, Quinevan, Kiah, Senegal, 270-7702, 6Fv-*JY!, 
krohan@googlemail.com, Rohan, Karen, Moldova, 270-5532, .V3$=])2l&E~*Fe, 
kroutley@telenet.be, Routley, Karen, Somalia, 209-3642, 3uv5%<s3<Gq*(:9, 
ksallery@web.de, Sallery, Karen, Vanuatu, 270-4310, ja9.o&D>, 
ksauvan@yahoo.com.ar, Sauvan, Keene, Myanmar (formerly Burma), 444-9922, I*/HrZ0^jH2L, 
ksmallcombe@rediffmail.com, Smallcombe, Kirby, Gabon, 398-8159, Inim#q+T;M'U3, 
ksmickle@yahoo.com, Smickle, Kelley, Lithuania, 270-1352, GaiJoB9f, 
ksnarr@yahoo.ca, Snarr, Kahaleel, Marshall Islands, 270-2443, dt&_n]7, 
kstollard@earthlink.net, Stollard, Kory, Peru, 219-5728, H-![+[@Yuf1&Z, 
kswabey@gmail.com, Swabey, Kellia, Papua New Guinea, 429-2334, s.F5Q.0vV@)M:, 
kswabey@live.ca, Swabey, Kandace, Suriname, 908-3456, q5_[(%C%(f8L, 
ktink@tiscali.co.uk, Tink, Kameko, Fiji, 429-9840, L@7X%<XNiz^ka, 
kvirgo@mail.ru, Virgo, Kiah, Iraq, 270-1923, q-{-G%%tz5, 
kwestcot@yahoo.co.id, Westcot, Kassie, Switzerland, 997-5091, /\Y>#*@r"z6, 
kwhicher@sky.com, Whicher, Kalindi, Australia, 270-5017, C*5d&_'%|"'DG4M, 
kzannolli@bigpond.com, Zannolli, Kassia, Moldova, 209-5536, VL+B#.YA<q?, 
kzecchini@sfr.fr, Zecchini, Karylin, Spain, 867-5343, a^`OV.]=, 
ladair@blueyonder.co.uk, Adair, Lydon, Cambodia, 398-6392, T)yb0ZH6+U9]1+j, 
ladair@hotmail.fr, Adair, Lennard, Georgia, 867-7865, |$IXgOer~Ev2, 
lantoniewicz@yahoo.fr, Antoniewicz, Linea, Indonesia, 997-5276, otAUYPd3rUl, 
lberthe@live.com.au, Berthe, Lian, Lithuania, 444-3529, UI8HjI]X{5EUFvG, 
lbinstead@live.co.uk, Binstead, Leonard, Costa Rica, 209-7465, cpWTd02-[8DQi, 
lblackaller@ig.com.br, Blackaller, Lavinia, Lebanon, 429-9308, +kAMLSQB&B, 
lblackhurst@gmx.net, Blackhurst, Libby, Pakistan, 444-9916, /\kD}'5CF;q]fgl, 
lburcher@yandex.ru, Burcher, Leonard, Bulgaria, 925-7293, S+aPaXT+[^.r?3, 
lcarthew@voila.fr, Carthew, Lauryn, Argentina, 867-7435, YX5MDz~liG_s>, 
lcleminshaw@yahoo.in, Cleminshaw, Lyle, Belize, 925-3907, P/l6B.Zzv@, 
lcrookes@aliceadsl.fr, Crookes, Lothario, Tuvalu, 398-6609, Tu>!w[h, 
ldauney@aol.com, Dauney, Lauraine, Cabo Verde, 997-1434, >/$U+%59, 
ldenecamp@yahoo.co.uk, Denecamp, Luigi, Madagascar, 209-9224, d(cXQ~1\yxgQf$5R, 
ldunkersley@hetnet.nl, Dunkersley, Laura, Netherlands, 867-9376, ]Kpkbtn;heC', 
lfillary@ig.com.br, Fillary, Loren, Bulgaria, 925-8951, RSks5r1p5guNmQ-, 
lfinlan@chello.nl, Finlan, Libby, Nepal, 209-3112, cm$t\d[5^A, 
lgladdis@qq.com, Gladdis, Laurice, South Africa, 867-2303, ^2IKs(`J'O.h, 
lglastonbury@frontiernet.net, Glastonbury, Lucius, Uganda, 270-5274, jvhw&UrY2j, 
lgyde@outlook.com, Gyde, Leonard, Tanzania, 867-2332, Xp00jy{zQ\LTa, 
lhallahan@telenet.be, Hallahan, Libby, Burkina Faso, 270-3465, 'lwM=dH@Ez, 
lhazell@yahoo.com.sg, Hazell, Laurice, Algeria, 925-9027, >fZW%}s, 
lhorbath@bluewin.ch, Horbath, Lucius, Comoros, 219-5636, m{Ctm&{3C>:|@oDn, 
lhowsley@aim.com, Howsley, Les, Mali, 444-8181, 2f9\'*iT<S}N!O, 
lhughf@blueyonder.co.uk, Hughf, Leonardo, New Zealand, 429-4805, yML80En, 
lhundal@virgilio.it, Hundal, Lottie, Timor-Leste, 444-3837, q^C0KpD), 
ljune@yahoo.com.sg, June, Loren, Bolivia, 209-9738, :9!:0"!ymp#|p_, 
lkamienski@shaw.ca, Kamienski, Lothario, Moldova, 908-3485, )&9dd"ZEyKt{VO)T, 
lkeford@bellsouth.net, Keford, Lyndsie, Czechia (Czech Republic), 867-8184, Qt5[f}.'N@yNv, 
lkernley@rocketmail.com, Kernley, Lian, United States of America, 997-9073, cwwi^;bA>n#>R, 
llemarchant@club-internet.fr, LeMarchant, Lyle, Bahamas, 867-3927, ">cB{2{ciT, 
lmaccathay@yahoo.com, MacCathay, Lothario, Cambodia, 925-7332, ro'NZ-k@, 
lmather@voila.fr, Mather, Lavinia, Cuba, 444-8204, pLmJy`J{`0b?\@, 
lmayers@planet.nl, Mayers, Lanny, San Marino, 429-8801, n-?D(rwh}e)qdx0`, 
lmcausland@yahoo.it, McAusland, Lian, United States of America, 867-4733, bmL+cUakj, 
lmennithorp@laposte.net, Mennithorp, Libby, Bolivia, 444-6053, o;Skhg0]XeQT, 
lmitchell@sky.com, Mitchell, Lu, Burundi, 270-2814, L*.;Hf~Ic, 
lmouan@qq.com, Mouan, Lorne, Turkey, 444-8059, 'gdd"dLC, 
lnowak@yahoo.de, Nowak, Lavinia, Bahrain, 270-4651, \FHKJ'e(Sm^aTUp, 
lolivelli@zonnet.nl, Olivelli, Laurice, Australia, 925-9081, 3Cg`;[ov(UI, 
lpape@facebook.com, Pape, Lian, Sri Lanka, 925-4943, ND4yNjob|?gz7z, 
lpatrie@mail.com, Patrie, Lola, Morocco, 398-3532, CIqKG>8, 
lprall@yahoo.com.au, Prall, Libby, Afghanistan, 867-8341, SzJE42], 
lpresnall@centurytel.net, Presnall, Lauryn, Mexico, 908-3281, bA07$Q:vFE, 
lprugel@googlemail.com, Prugel, Lin, Angola, 219-8465, Joe\L=OoxKvR, 
lpunton@club-internet.fr, Punton, Laurice, Nepal, 429-4521, $'OkyuZpd?\c^~5, 
lrandall@bigpond.com, Randall, Les, Slovakia, 270-8462, #9zB"V^I:V^$h, 
lreedman@qq.com, Reedman, Leonie, Latvia, 219-3981, U`ldsWZW, 
lsallery@yahoo.com.ar, Sallery, Lorne, Côte d'Ivoire, 444-6688, (zY3^aVG$MV[=x#[, 
lsalsberg@yahoo.ca, Salsberg, Lillian, Kenya, 908-4498, H-sWbIlcd<5}, 
lsarre@yandex.ru, Sarre, Lianna, Monaco, 398-3208, n4=Dt|=yiVm, 
lshearme@charter.net, Shearme, Lamont, Senegal, 997-4669, +zWIODT+l, 
lsimonich@me.com, Simonich, Les, Nigeria, 429-2025, #U7yI[K2!R, 
lsinnott@live.it, Sinnott, Libby, United States of America, 444-4051, a~DUex.43)3H0v[Z, 
lsteffans@charter.net, Steffans, Levin, Nepal, 867-2392, 3_Tf{zr, 
lswetman@aliceadsl.fr, Swetman, Leora, Australia, 908-8941, ~`O+*x;#6%43PH, 
lsyncke@sbcglobal.net, Syncke, Leona, Saint Kitts and Nevis, 997-8792, yl"ACBm"jLhh8, 
lthunnerclef@bluewin.ch, Thunnerclef, Lucius, Argentina, 867-7492, FM4}B&, 
ltindley@uol.com.br, Tindley, Lu, Norway, 398-5189, %ZjNjy?4, 
lwhicher@home.nl, Whicher, Laural, Mozambique, 219-9115, 9zMc[#, 
maleksankin@gmx.de, Aleksankin, Marcille, Mauritania, 997-7552, {ijoYw, 
mantoniottii@bellsouth.net, Antoniottii, Marilyn, Colombia, 270-5692, n2KKl[, 
mashmole@ymail.com, Ashmole, Meade, Peru, 429-3952, g}'.\p!p^;z"b>, 
mazam@frontiernet.net, Azam, Marlowe, Norway, 867-4335, |m9F.*]LJ/qPM$, 
mbambrugh@ymail.com, Bambrugh, Mavra, Cabo Verde, 444-9350, *rvJvJZK'5s"+, 
mbarnsdall@laposte.net, Barnsdall, Moss, El Salvador, 997-7430, )]4g+'\'OS-.^F, 
mbartos@arcor.de, Bartos, Marcille, Netherlands, 429-3332, -s+mU=5JviP`, 
mberthe@web.de, Berthe, Maryrose, Nauru, 398-9457, <I4KtDbE=tCL&:, 
mbigham@mail.com, Bigham, Mick, Netherlands, 867-7414, x\nt7T, 
mbourgeois@neuf.fr, Bourgeois, Merry, Myanmar (formerly Burma), 867-2281, zC*X\oo_.oo('dL, 
mbulfoot@freenet.de, Bulfoot, Moe, Jordan, 997-7455, bhl*~]Q!p>bU~, 
mbumby@yahoo.com.ar, Bumby, Moria, Zimbabwe, 997-9163, @nCAEyfi3J*2, 
mcaddy@optonline.net, Caddy, Modesta, Morocco, 867-7975, tb_OEnNg&nq, 
mcatford@verizon.net, Catford, Moe, Haiti, 925-5524, b|`{0&!+, 
mchatwood@me.com, Chatwood, Merrielle, Bangladesh, 209-5653, tv|oqQ=![Za, 
mchidwick@orange.fr, Chidwick, Moria, Albania, 398-2294, R9Ee?qoe6!ACg, 
mclacey@telenet.be, Clacey, Myrah, Suriname, 997-4180, ~0dB4Cu, 
mcorns@live.co.uk, Corns, Marlowe, Sudan, 270-7123, !%0QjrxS~, 
mcorns@skynet.be, Corns, Moira, Gabon, 908-1000, U.iRZC*, 
mcrankhorn@shaw.ca, Crankhorn, Mikaela, Central African Republic, 997-8804, 9$ApJy>}Cg}t, 
mcrankhorn@yahoo.co.jp, Crankhorn, Merrel, Afghanistan, 429-3398, tP%Q>brQsDM3Gt, 
mcreenan@bellsouth.net, Creenan, Marietta, Vietnam, 270-9043, oJ1p;hS+gdTM3N7P, 
mdockrell@rediffmail.com, Dockrell, Moria, Bahamas, 997-1816, gB-vadR, 
mdoonican@rocketmail.com, Doonican, Milton, Mauritania, 209-6997, +o1jmc@/, 
mdunderdale@club-internet.fr, Dunderdale, Milton, France, 209-6265, TuD'2f(NEY]~?|c, 
mdyers@hotmail.it, Dyers, Matthus, Tajikistan, 444-3164, Y#2IpFC5#fEF7of-, 
melnor@facebook.com, Elnor, Merci, Ireland, 997-9861, ]dteJ[O}, 
mfinlan@centurytel.net, Finlan, Melodee, Liberia, 209-4354, XJ#tqT|LD;%0B*qv, 
mfoakes@comcast.net, Foakes, Merci, Djibouti, 867-1605, XLWxZ6_]5v, 
mfollacaro@laposte.net, Follacaro, Maressa, South Sudan, 444-4942, C`f%XV#XVFX"dSs, 
mfollacaro@sfr.fr, Follacaro, Merry, France, 908-9786, 4F`1Dd, 
mfranceschi@home.nl, Franceschi, Minny, Ireland, 209-1447, wzVf|_.up*!;yV\, 
mgebhard@earthlink.net, Gebhard, Maryjo, Panama, 444-6995, }dO4JCJDC=G9`, 
mgiblin@bluewin.ch, Giblin, Modesta, Grenada, 270-3613, ]U&dK(:ZANr6u, 
mgilburt@earthlink.net, Gilburt, Myrvyn, Czechia (Czech Republic), 270-3349, CE&:d.p/py*f:\, 
mgyde@tiscali.co.uk, Gyde, Malissa, Paraguay, 867-2358, U#NJ|%_[ZGt, 
mharty@virgilio.it, Harty, Moe, Panama, 908-9982, hB=;z{, 
mhenkmann@hotmail.com, Henkmann, Madlin, Mexico, 209-9696, ;fR1pzD@|, 
mkunkler@verizon.net, Kunkler, Minnaminnie, Israel, 398-4447, !SNLrd, 
mkyle@gmail.com, Kyle, Martin, Nigeria, 270-2878, 7.VGD+|s[k}, 
mlackie@hotmail.it, Lackie, Marietta, Sweden, 219-5922, U%Hk&.G+y`#, 
mleipelt@mac.com, Leipelt, Marlowe, Iraq, 398-7963, a9Y9=L, 
mloody@hotmail.fr, Loody, Maible, Tonga, 219-8180, xr(.KxCf`.5oBP, 
mm'quharge@hotmail.co.uk, M'Quharge, Maisie, Vanuatu, 270-5808, }Bf=()mZ@5;bCq1W, 
mmarsay@live.co.uk, Marsay, Mick, Nauru, 398-3083, YC6wotckm{, 
mmartugin@neuf.fr, Martugin, Maurita, Iran, 925-1467, 0%"UB13)6L~, 
mmccritichie@laposte.net, McCritichie, Merrel, Bolivia, 867-3143, 8eygMx-C>Qk'@`, 
mmeagh@aol.com, Meagh, Myrah, Marshall Islands, 925-8746, 1\5I%?^Ov8|, 
mmelross@mail.ru, Melross, Moria, Malta, 444-9223, "$V*p8{+9M+0XG, 
mmemmory@yahoo.com.au, Memmory, Marketa, Niger, 908-2325, zwPe3Eux, 
mmilsap@chello.nl, Milsap, Marijn, Lebanon, 444-5764, ryD>j$`Z9, 
mmitie@yahoo.co.id, Mitie, Maddie, Central African Republic, 270-7232, x+E3Uh[#HiR, 
mmouan@mac.com, Mouan, Marita, Saint Kitts and Nevis, 398-5596, vZ?!_6tNO, 
mmulchrone@freenet.de, Mulchrone, Maurita, Paraguay, 925-7697, @$;u"CvrV~mAc+x, 
mnaptin@msn.com, Naptin, Michael, Latvia, 908-2167, C:2g;[0[d'.+O, 
mnewbigging@yahoo.com.sg, Newbigging, Marijn, Zambia, 429-2808, #+dzv~a, 
moboy@yahoo.com.mx, Oboy, Malcolm, Lesotho, 444-7023, +=ZGA&, 
molenikov@yahoo.com.sg, Olenikov, Michael, Guatemala, 444-3624, <<)3wYNf, 
mparysiak@uol.com.br, Parysiak, Marketa, Uzbekistan, 444-6275, ?+XcJ1;V%8GlRR, 
mpavlovsky@yahoo.com, Pavlovsky, Mick, United Arab Emirates, 209-6406, /T&C6JxGu?+;, 
mpirkis@hotmail.co.uk, Pirkis, Marthena, Central African Republic, 270-8020, Kg#R08A9.(, 
mpresnall@laposte.net, Presnall, Marita, Palau, 444-3185, Td>]q?xWEP, 
mrea@optonline.net, Rea, Modesta, Brazil, 925-2716, V<f>R3, 
mreitenbach@club-internet.fr, Reitenbach, Mackenzie, Bolivia, 398-5161, 2i>}Ji+0&=@{Q, 
mrevey@yahoo.ca, Revey, Maryrose, Uruguay, 908-5192, [?47[lDB417, 
mromagnosi@earthlink.net, Romagnosi, Mandel, Saint Vincent and the Grenadines, 270-8463, ZeO<&X^U"m, 
mromagnosi@rambler.ru, Romagnosi, Malinde, Brunei, 444-9111, HRGb/Sx@M`$=eP2#, 
mrosenzwig@yahoo.co.id, Rosenzwig, Mariellen, Canada, 270-9227, BR5LfID).'oR, 
mshearme@yahoo.com.sg, Shearme, Merci, Czechia (Czech Republic), 270-1294, uEB!A3iIf, 
msheward@live.ca, Sheward, Marilyn, Lesotho, 908-2096, xqV(Ik_crzm/, 
msprigin@rediffmail.com, Sprigin, Mirabel, Tunisia, 219-8122, 3/|L"!o7, 
mstammer@chello.nl, Stammer, Mandie, Ireland, 908-3928, &&n@0Ag, 
msummerill@hotmail.de, Summerill, Melodee, Iceland, 925-5449, `7Z@IX, 
mtoke@sbcglobal.net, Toke, Marve, Armenia, 908-4742, p<an35m<ckP[, 
mtrase@mac.com, Trase, Michael, Oman, 908-2053, oHV'E85SrWMT~, 
mverny@mac.com, Verny, Malinde, Myanmar (formerly Burma), 908-5273, )bBscr:?@k>, 
mwheowall@ymail.com, Wheowall, Merilee, Libya, 219-5610, $WTEE0&&*B5>V6<, 
mwinsborrow@charter.net, Winsborrow, Malvina, Madagascar, 444-5313, <%9u4+D`, 
mwoollin@yahoo.com.ar, Woollin, Marijn, South Sudan, 219-1724, c=S'GeUzxX(, 
myallowley@live.fr, Yallowley, Montague, Bulgaria, 444-2125, <(RW`+, 
nager@comcast.net, Ager, Nial, Jamaica, 219-4746, F4^?5tT, 
nbarnaclough@bellsouth.net, Barnaclough, Noble, Palestine State, 398-3063, iu6kx}, 
nbulfoot@juno.com, Bulfoot, Noach, Sweden, 925-2528, .1KEk<q;(+ER`i, 
ncahey@aliceadsl.fr, Cahey, Nichols, Belarus, 867-1308, 5FIzwipB, 
nchallace@bigpond.net.au, Challace, Nehemiah, Liechtenstein, 429-4808, jnE=G@bg2}vt|, 
ndelnevo@gmx.de, Delnevo, Nico, Jamaica, 209-6022, %~5^DK:f, 
ndenness@hotmail.de, Denness, Nels, Congo (Congo-Brazzaville), 398-5401, +RIrQu$E, 
nfebvre@wanadoo.fr, Febvre, Northrup, Eritrea, 867-6268, |Ji-Sh3Aw, 
nhackinge@yahoo.com.ar, Hackinge, Northrup, Saint Lucia, 429-3204, 8!R)3c$p.kQH8p`, 
nhavile@rediffmail.com, Havile, Ninetta, Egypt, 219-5509, Z$q;t>}6x, 
nholliar@shaw.ca, Holliar, Niall, Cameroon, 270-2042, ~<.'*]=*o|{"_, 
njaniak@zonnet.nl, Janiak, Nadya, Fiji, 209-2348, r#xm}GE, 
nkenwrick@uol.com.br, Kenwrick, Nadya, Malaysia, 925-2179, 1{^u*Qc18==v, 
nlacasa@mac.com, Lacasa, Nikki, Moldova, 908-3512, zNoRZyTGMztpPLZ, 
nlackie@ig.com.br, Lackie, Nico, Cameroon, 867-6773, 7P)f.PBCHaQMDl|, 
nlauks@windstream.net, Lauks, Nial, Palestine State, 429-3636, >W9[*~53I, 
nmatitiaho@juno.com, Matitiaho, Nanine, North Macedonia, 270-9813, Nh:7AZ!"GtAV*, 
nnaulls@bluewin.ch, Naulls, Nessi, Sri Lanka, 270-6780, faL7bnx7', 
npaul@ntlworld.com, Paul, Neddie, Tunisia, 219-7217, #o]VZQ, 
npett@yahoo.co.id, Pett, Nial, Lithuania, 444-8092, +N`e%OY8F., 
nprine@t-online.de, Prine, Nikki, Burundi, 429-6296, E=Y\v)/.a<d/@<, 
nreedman@sfr.fr, Reedman, Niall, Kuwait, 270-3090, wxUk\cnh_B@en(c2, 
nrodgier@hotmail.de, Rodgier, Noni, Mexico, 270-3556, "Gs)sLO, 
nsegot@aim.com, Segot, Nikki, Peru, 444-8520, x%29B4S9HfP:IoSR, 
nstuck@gmx.de, Stuck, Niall, Mozambique, 398-9976, WdLZrX1c, 
nsuett@telenet.be, Suett, Nehemiah, Denmark, 209-4109, %mdx@_1Vw, 
nurwen@rambler.ru, Urwen, Nessi, Grenada, 444-1958, 7P4ocq2>D, 
nwhelband@tiscali.it, Whelband, Nanine, Papua New Guinea, 444-3949, ;mq:|+D#_E4W=s, 
ocourtliff@live.fr, Courtliff, Orin, Cameroon, 908-8907, 3h%o$g, 
ocuttler@gmail.com, Cuttler, Olivette, Montenegro, 270-2918, ViR&P3, 
ofarrow@live.fr, Farrow, Oliy, Qatar, 908-7101, u#v-BvOKzx[x)@, 
oivins@yahoo.in, Ivins, Ofelia, Romania, 925-1326, wqi%'l_K9K", 
okiledal@ig.com.br, Kiledal, Oliviero, France, 429-8487, iSlvo#, 
okorous@bol.com.br, Korous, Olivette, Japan, 444-1503, NVD*;Bqzu, 
okuhnt@bellsouth.net, Kuhnt, Ofelia, Japan, 270-4045, $3VPrfc>~, 
ooverbury@cox.net, Overbury, Ogdon, Slovenia, 997-4423, a9V'Mgc)WK^8[uBV, 
opaul@blueyonder.co.uk, Paul, Osmond, Qatar, 219-8343, 9ve-Lx{LUKJwZ, 
othraves@t-online.de, Thraves, Ogdon, Mali, 925-5204, ^11{Yx, 
pbarnsdall@googlemail.com, Barnsdall, Pauletta, Nigeria, 997-4360, Yu)"i`"KY0bY+d'>, 
pbigham@hotmail.it, Bigham, Pammi, Belize, 209-6005, pAAsXA~/V!E, 
pbreem@club-internet.fr, Breem, Phillie, Monaco, 398-5657, 4#ZYQP, 
pcatt@shaw.ca, Catt, Peggi, United Kingdom, 925-9172, `$=ZfD, 
pcrayden@gmx.de, Crayden, Peter, Syria, 429-7203, Ia'&(6z5#, 
pdablin@mail.ru, Dablin, Patricio, Mauritius, 209-1257, {f#EchGd, 
pdallander@tiscali.it, Dallander, Pegeen, Tanzania, 444-2034, euPNBXRxu]o, 
pdinnies@ntlworld.com, Dinnies, Paulie, Sweden, 925-5864, dM9B9v52[uQ}O9YQ, 
pferrey@outlook.com, Ferrey, Prescott, Libya, 398-1263, aQ}E/p/h@$<RhsoO, 
pfidal@googlemail.com, Fidal, Petronia, Burundi, 997-6951, cr4dC1.ot-t}ze;{, 
pgreenhowe@rambler.ru, Greenhowe, Philipa, Dominican Republic, 209-7510, -pltk+, 
phaggerwood@yahoo.ca, Haggerwood, Peggi, Gabon, 398-1568, haN8NQK, 
pmaccathay@facebook.com, MacCathay, Prescott, Laos, 867-7257, M.mC!&^czs6YXl, 
pminter@msn.com, Minter, Pris, Belarus, 429-2302, 3#zp8M+"EF, 
pniland@aol.com, Niland, Pammi, Cambodia, 398-5548, o{-rj`D(qp, 
prosina@mac.com, Rosina, Pierrette, Tajikistan, 429-1152, B+xl%S}rsKAXg]9I, 
psentance@yahoo.co.jp, Sentance, Purcell, Greece, 997-8971, sHk8:A^R, 
pshout@me.com, Shout, Philipa, Suriname, 908-7316, fD=5{0N"_8[Z]gs, 
psimonsson@shaw.ca, Simonsson, Pegeen, Kazakhstan, 867-8320, J?XEE<, 
psitlinton@yahoo.co.id, Sitlinton, Paddy, Iran, 219-8080, >geb0s_qN)UY=}Q, 
psprigin@tin.it, Sprigin, Paulie, Haiti, 209-3677, Hp-M{hX, 
ptink@yahoo.co.id, Tink, Petronia, Lesotho, 867-2412, dBklVi~b, 
ptrelevan@libero.it, Trelevan, Paulie, Mauritius, 219-1058, $+;ZRGwA, 
pverdy@hotmail.com, Verdy, Pete, Saudi Arabia, 209-1333, !Re%a(Hm:TtGY:, 
ragg@neuf.fr, Agg, Ryley, Malawi, 429-5793, 1Sll+2MlR5, 
rarchambault@ig.com.br, Archambault, Roselle, Italy, 997-4226, =dcAHw.r|, 
rbarnsdall@earthlink.net, Barnsdall, Rubina, Serbia, 270-6153, 5#Pj1.C0, 
rbarritt@aol.com, Barritt, Roxy, Lithuania, 444-8222, ql@v6]0Am, 
rbayfield@earthlink.net, Bayfield, Rip, Mauritius, 219-5274, r[|xmAS';oNWs.v", 
rbestwick@sbcglobal.net, Bestwick, Rolfe, Tanzania, 444-5206, ohdM0sb, 
rblasing@mac.com, Blasing, Ryley, Lebanon, 444-8291, TV)M^;, 
rbrecon@blueyonder.co.uk, Brecon, Rianon, Italy, 219-3338, .4<#:q.3y~}[D])Q, 
rbrinsden@aim.com, Brinsden, Rica, Uzbekistan, 925-1731, /t2'{fi>Ncdr, 
rchastel@yandex.ru, Chastel, Rosalinda, Norway, 219-2266, t5y!c2~2-JTToa, 
rcornau@yahoo.com.ar, Cornau, Rivkah, Iceland, 270-1368, v5Qo2dV<u[9, 
rdauney@bellsouth.net, Dauney, Rance, Benin, 925-5341, v+A>IV')c7, 
rde najera@web.de, de Najera, Randene, Slovenia, 444-1719, m4|3-Od>, 
rdelnevo@charter.net, Delnevo, Rolfe, Saudi Arabia, 925-7648, e_&U/HxYCS1, 
rdesport@charter.net, Desport, Rufus, Australia, 270-3496, -l&a)3v7J4V, 
relnor@att.net, Elnor, Roarke, Chad, 209-6285, b"E-66Z|;I8>, 
rembery@bol.com.br, Embery, Roselle, Brazil, 429-6098, a_xil:s, 
rfelipe@blueyonder.co.uk, Felipe, Romola, Iceland, 209-4554, QXp[Wfk`}cX1;t, 
rfountaine@yahoo.in, Fountaine, Ritchie, Chad, 209-8380, +CcYQLgA5%TER4!, 
rfursey@hotmail.com, Fursey, Roarke, Senegal, 219-5612, 3pns(}4(C;<x:E, 
rgaitskill@yahoo.de, Gaitskill, Raimund, China, 429-2491, 'Q5CH)c, 
rgiblin@zonnet.nl, Giblin, Rhoda, Georgia, 444-8601, <"+7l'H5, 
rgilburt@yahoo.com, Gilburt, Rianon, Hungary, 219-8840, 7lOJkW27fE!SY, 
rglastonbury@live.ca, Glastonbury, Rriocard, Cyprus, 444-5890, d=#`GW#j85ZTb, 
rglazyer@bluewin.ch, Glazyer, Rozelle, Nigeria, 270-4876, rsKOh0V:9, 
rgood@aim.com, Good, Rip, Rwanda, 209-5460, mcTFPT2, 
rgwilliam@sympatico.ca, Gwilliam, Rance, Uganda, 908-8114, ".0EO=7GHY;MA|$, 
rhenkmann@yahoo.com, Henkmann, Rois, Serbia, 925-2642, \yq}%L3@KDq"G!pc, 
rinfantino@live.nl, Infantino, Rois, Palau, 925-7146, 8*VMR{t, 
rivins@yahoo.ca, Ivins, Ritchie, Czechia (Czech Republic), 997-2881, ?{;ozJl'SxEv!, 
rkenwrick@sky.com, Kenwrick, Rois, Czechia (Czech Republic), 997-6158, vDhzM4, 
rkitchenman@me.com, Kitchenman, Ryan, Japan, 925-7536, {@])h.if5[-, 
rkunkler@home.nl, Kunkler, Randene, Azerbaijan, 444-1503, 7>Z8C.k"hM*, 
rladlow@hetnet.nl, Ladlow, Rooney, Afghanistan, 209-1420, %H8fN/k9YA8ve, 
rledstone@orange.fr, Ledstone, Rivi, Central African Republic, 997-7356, 8k0*.G$h~^#'rcg, 
rmidlane@yahoo.de, Midlane, Red, Sri Lanka, 209-5691, 6:K8=\, 
rnetting@live.ca, Netting, Rafaello, Gambia, 270-3422, 8<(fFc7, 
rparsley@hotmail.de, Parsley, Renata, Central African Republic, 867-3889, ;'hOQP@N^2aO!op, 
rpasmore@wanadoo.fr, Pasmore, Rozelle, Italy, 219-5183, &hTIN&bHvz`1a, 
rpatillo@free.fr, Patillo, Ruthi, Czechia (Czech Republic), 925-5936, %3.{Z!x7$>wPo4I, 
rpedrazzi@hotmail.co.uk, Pedrazzi, Rivkah, Mongolia, 219-3336, A2O":O0D"<, 
rprall@virgilio.it, Prall, Roxana, Samoa, 444-9344, Gai*m(`_~Tz_., 
rpresnall@hotmail.co.uk, Presnall, Raynor, Côte d'Ivoire, 219-3638, /grGGPXo_J0`=S0g, 
rrandall@charter.net, Randall, Rickard, Estonia, 429-8638, zB2~@4pQ, 
rruprechter@yahoo.com.mx, Ruprechter, Rance, Mali, 209-1615, *dxlCMt, 
rsarre@rocketmail.com, Sarre, Roxy, Russia, 429-7726, +lv}!u"6Dn, 
rsmickle@sky.com, Smickle, Riannon, Honduras, 429-2890, zoF:|9&S", 
rswanton@gmx.de, Swanton, Ryan, Singapore, 219-4501, IR<S{R\GZ, 
rtether@shaw.ca, Tether, Rivkah, Malta, 209-6358, )Q}Xy~l, 
rthelwll@yahoo.fr, Thelwll, Reinald, Iran, 209-7869, au0&p;'o_^g\], 
rtranfield@zonnet.nl, Tranfield, Rand, South Sudan, 997-1798, J(6(Wm^%u<%#\, 
rverny@live.com, Verny, Rinaldo, Estonia, 867-6732, .l]#>-]-[W, 
rweekley@web.de, Weekley, Rinaldo, Liechtenstein, 997-5494, 0^bejPbM;Ig;)m, 
rwestrope@hotmail.com, Westrope, Rip, Liechtenstein, 925-7144, 0:+Rv#F[*D5u], 
rwollard@me.com, Wollard, Reinhold, Cuba, 908-6879, ;nnR%T-jcJuY, 
rwoodgate@facebook.com, Woodgate, Roxana, Thailand, 429-3860, R3e>$fPP#Rc?S4, 
rwormstone@cox.net, Wormstone, Rooney, Grenada, 429-1949, @}sqCGdzTJY, 
sager@yahoo.com, Ager, Sibilla, Sri Lanka, 997-2852, x~`<qqM<, 
sberrycloth@yahoo.fr, Berrycloth, Stefano, Sao Tome and Principe, 867-9420, EI9Fdwi2{, 
sbogays@yahoo.com, Bogays, Steven, Antigua and Barbuda, 444-1494, TAkPdqU))Yvao2, 
sbould@ymail.com, Bould, Sylvia, Ethiopia, 908-4682, jG<vHsOUN, 
sbourgeois@earthlink.net, Bourgeois, Salomi, Switzerland, 908-3488, 9?5.Gw[=n~nUT?6w, 
sbowden@live.fr, Bowden, Simon, Bahrain, 398-9698, NM6%i"/, 
sbyrnes@juno.com, Byrnes, Staford, Luxembourg, 429-5324, Ca&*CPI/, 
scaulket@arcor.de, Caulket, Salomi, Cuba, 908-3362, mSG&pU'nSVnotF, 
screenan@outlook.com, Creenan, Sorcha, Belize, 429-9606, .<CX2eu0AgcQ3h, 
scrookes@mail.com, Crookes, Susy, Togo, 429-9692, \1LZj.<Q8(*fLkC, 
sdilrew@mac.com, Dilrew, Sunny, Romania, 925-4783, ZrG=SgI^FE, 
sdudderidge@yahoo.com.sg, Dudderidge, Sunny, North Korea, 908-6105, V5[bo.BAw<LIExDu, 
sduplan@bigpond.com, Duplan, Sorcha, Grenada, 219-2799, #ZIdKA, 
sdwyer@yahoo.co.uk, Dwyer, Selene, Iceland, 925-4445, V#!R4$d4H6\, 
sellyatt@att.net, Ellyatt, Shawnee, Ecuador, 908-8156, 2nSZ*{, 
sfeaster@hotmail.es, Feaster, Simon, Qatar, 997-7444, ugT0}y}, 
sfebvre@virgilio.it, Febvre, Shandy, Vietnam, 925-5972, [!I=_NR3"0=V, 
sfenlon@mail.com, Fenlon, Stefano, Spain, 908-2879, |Ru8")`)ianG9, 
sfountaine@club-internet.fr, Fountaine, Shaylah, Zimbabwe, 209-6319, FK7CPmJr, 
sgrahlmans@libero.it, Grahlmans, Sadella, Argentina, 219-7386, Ug_{_XQbs, 
sgrayston@laposte.net, Grayston, Sonni, Lithuania, 867-4336, m`HtQ4o(TATY&, 
sharty@hotmail.fr, Harty, Sileas, Andorra, 219-7734, ^$z8ziL3NcbG, 
shavile@hotmail.com, Havile, Steven, Brazil, 398-9447, 9'beu{ZYR2, 
shughf@virgilio.it, Hughf, Savina, Burundi, 209-9405, zM\lj+s, 
sionn@bellsouth.net, Ionn, Shawnee, Guyana, 398-3958, 87gZb+!91{, 
sjorez@live.com, Jorez, Syd, India, 429-5184, +t]U:\pX4P6?o%<Y, 
sjurgensen@hotmail.it, Jurgensen, Shandie, Palestine State, 444-4895, #LDWfK|TL-Xqu1, 
sklosges@yahoo.com.br, Klosges, Starlene, Dominican Republic, 908-9290, #hE@rN@}7gZyi, 
slea@free.fr, Lea, Sigrid, United Arab Emirates, 925-9732, #A9\mc, 
slinne@club-internet.fr, Linne, Starlene, Brazil, 925-9130, D.LQdF7i, 
slinne@zonnet.nl, Linne, Sapphire, Monaco, 429-4878, -;RSS<BE, 
sluno@aol.com, Luno, Sheelagh, Tonga, 444-2723, /Ycv>hlnT!lcZ, 
smacmechan@neuf.fr, MacMechan, Stanislas, Brunei, 398-8342, 8GAStf7ulf]5<J]7, 
smather@yahoo.es, Mather, Sibilla, Bolivia, 908-5518, m.{QeFM\G5W)J!, 
smcginlay@sbcglobal.net, McGinlay, Stevana, Bolivia, 997-9884, ~@(;@S:p\rsa#], 
smcilvenna@chello.nl, McIlvenna, Shaw, Serbia, 270-5362, I7~='W.A, 
smcilvenna@yahoo.co.jp, McIlvenna, Sherwood, Austria, 270-4069, p)te\kceu/D&eL), 
smckeefry@yahoo.co.in, McKeefry, Steven, Honduras, 219-4273, )^mgLY2<^DU, 
smcsporon@yandex.ru, McSporon, Susana, Greece, 444-9293, !^[I@0o, 
smelross@bigpond.net.au, Melross, Susana, Lebanon, 867-4138, _Cp?mbiizZir~[, 
smeriguet@windstream.net, Meriguet, Shanon, Chile, 270-3003, |w/'GwB\NYBIeI, 
smerrall@yahoo.es, Merrall, Sidney, Kenya, 219-9620, `gEtYM?s#4wdkhX, 
smyall@live.com, Myall, Sheridan, Ethiopia, 398-9407, '9~k8K, 
snacey@sympatico.ca, Nacey, Saundra, Costa Rica, 209-2375, n6n{d%<, 
so' dornan@shaw.ca, O' Dornan, Shanon, Lebanon, 398-7464, @656n'y\qVK, 
solenikov@cox.net, Olenikov, Scotti, Saudi Arabia, 867-9249, >tZI{aQ, 
sparysiak@blueyonder.co.uk, Parysiak, Simon, Czechia (Czech Republic), 997-5362, 3(:\Co/#y, 
sparysiak@rediffmail.com, Parysiak, Shea, Botswana, 925-8064, Sas'J*P/HB, 
spatrie@tiscali.it, Patrie, Stormy, Costa Rica, 429-6222, u=;LG}+UL\"MW, 
spaul@orange.fr, Paul, Sandie, Finland, 219-8370, 6fTpK=Gw=+#n, 
spedler@live.nl, Pedler, Shanie, Paraguay, 270-8571, ugFNK{US`kcu, 
spetruska@alice.it, Petruska, Seka, Sri Lanka, 444-2491, Oe_Dw^AGkRc#fR, 
spetruska@hotmail.it, Petruska, Sephira, Lithuania, 908-6926, &-$Rf^(G4, 
spett@optonline.net, Pett, Shepperd, Democratic Republic of the Congo, 444-1031, L;`C;gpo~RLlG, 
sreinert@yandex.ru, Reinert, Selene, New Zealand, 867-7644, @B7&_Y@QOB0(, 
ssentance@live.co.uk, Sentance, Susy, Syria, 867-2587, Nrc9P4, 
ssimmonds@hotmail.it, Simmonds, Shandie, Bhutan, 997-7851, W/Cgvo, 
sswanton@alice.it, Swanton, Saxon, Ireland, 219-5173, Zw(&\zmU, 
stilbrook@bluewin.ch, Tilbrook, Steven, North Macedonia, 444-9704, a?_"qj[, 
strelevan@yahoo.com.ar, Trelevan, Selene, Madagascar, 925-4071, 4K9[@[>M, 
stunuy@sbcglobal.net, Tunuy, Shea, Saudi Arabia, 209-7496, *o%}'Yf=X, 
swheowall@yahoo.co.jp, Wheowall, Sidney, Bahrain, 925-6124, XcREe<07al5;>`>x, 
syacob@arcor.de, Yacob, Shae, Spain, 997-5361, "U-5qVkHyw}F, 
tbaudet@mac.com, Baudet, Trumann, Jamaica, 925-6899, g[M_4#y?^&2`6\&, 
tberkely@yahoo.fr, Berkely, Tally, Belgium, 398-5560, ^D+av9viqjhf@h, 
tbowden@tin.it, Bowden, Tybi, Egypt, 209-2447, 954<gpzO3an*&, 
tbrando@outlook.com, Brando, Tybi, Syria, 398-2372, XFf@Q<0Arrk\q~p, 
tbrodbin@yahoo.com, Brodbin, Tessa, Afghanistan, 925-2814, ~3[:}O~Bg/5<G->, 
tcaddy@hotmail.fr, Caddy, Tobi, Japan, 444-6105, P]6\30`JG8]~o, 
tconford@yahoo.com.ar, Conford, Tulley, Israel, 997-9921, P<g-w8Kt[.by<G, 
tconsterdine@yahoo.com.br, Consterdine, Trixi, Brazil, 398-9931, h\JJd%4?4, 
tcowthart@blueyonder.co.uk, Cowthart, Tabatha, South Korea, 925-4469, &4^5rMh, 
tdowgill@optusnet.com.au, Dowgill, Timmi, Yemen, 867-8008, H[BNU8vb<_GpE, 
tducastel@windstream.net, Ducastel, Tandy, Spain, 398-5614, !t"fg26\), 
tembery@laposte.net, Embery, Trenna, Israel, 444-5771, _cW9[`E+Maqf, 
tfillary@yahoo.co.uk, Fillary, Trenna, Eritrea, 219-4991, DbA*W"H/[/l{, 
tfriedman@live.fr, Friedman, Titus, Senegal, 270-2031, b(Q}gd0urO, 
tgave@mail.ru, Gave, Tandy, Denmark, 398-6892, ihJUKMINZ=sb1b!, 
tgave@terra.com.br, Gave, Tobin, Haiti, 925-2702, ^[QhW6l.Hu, 
tgheeraert@rambler.ru, Gheeraert, Tony, Bosnia and Herzegovina, 925-7672, nzp.-J&Z"N]}o[I, 
tglassborow@freenet.de, Glassborow, Tallie, Ethiopia, 398-6541, ?SjWIJ(, 
thuddle@tiscali.it, Huddle, Tabby, Cameroon, 908-1679, e/?p+t7d, 
thughf@yahoo.com.mx, Hughf, Tybi, Lesotho, 209-9184, >[eWnK~, 
tkeam@hotmail.com, Keam, Torey, Turkmenistan, 398-1901, frq5`c(Z0fN[[URH, 
tlammin@zonnet.nl, Lammin, Tulley, Equatorial Guinea, 429-9984, GLNiR+U`, 
tlarmor@virgilio.it, Larmor, Tobi, El Salvador, 219-8441, *fG!xw, 
tlocker@virgilio.it, Locker, Torey, Paraguay, 867-8556, Lc].iiwry\$H, 
tmaase@planet.nl, Maase, Teodor, Madagascar, 908-5291, 8yTWaXo=, 
tmaccathay@yahoo.es, MacCathay, Tasia, Madagascar, 925-9813, :h6#\&mW, 
tmegahey@rocketmail.com, Megahey, Troy, Liberia, 925-4045, u:%.AN+, 
tmew@bigpond.com, Mew, Timmi, Gambia, 908-7486, 2&7q(0, 
tmorpeth@bigpond.com, Morpeth, Torrence, Estonia, 209-8978, 3/XAY.czOo, 
tmussared@yahoo.it, Mussared, Trstram, Albania, 219-9209, hVQCBk2'-ynnu, 
tramsey@optonline.net, Ramsey, Trish, Guyana, 867-6947, cpx/w}-.FS2~e2, 
trosenzwig@voila.fr, Rosenzwig, Tova, Rwanda, 444-9152, o78[V3, 
tsmeal@optonline.net, Smeal, Trenna, Spain, 925-5088, t"d%.{, 
tsnarr@shaw.ca, Snarr, Troy, Syria, 925-1728, lIe%jwt\NdRXU\C4, 
tsokill@bellsouth.net, Sokill, Tabatha, Eswatini (fmr. "Swaziland"), 398-8888, ]-W:i@sF$s*;, 
tsokill@live.nl, Sokill, Thaddus, Belarus, 908-7986, TB0[D[], 
tstaveley@msn.com, Staveley, Timmi, Singapore, 398-1584, Zecj9="n0U<, 
tstowgill@live.it, Stowgill, Tris, Tajikistan, 925-4814, q/(FwT0-, 
ttindley@live.com, Tindley, Titus, Italy, 398-5226, ;~!Mb[]rOy, 
ttunuy@hotmail.co.uk, Tunuy, Thaddus, Turkey, 270-4580, 1TO*2c, 
twarwick@live.ca, Warwick, Tabby, Ghana, 908-8759, 'qke7+A, 
twaters@yahoo.in, Waters, Tina, Uzbekistan, 398-9146, Y8VDS{0`, 
twhillock@voila.fr, Whillock, Tatiana, Côte d'Ivoire, 867-1153, /8bU]O@.|"u\g&, 
twoodland@att.net, Woodland, Tasia, Malta, 444-6397, 7nDyuBr, 
tyushmanov@live.com.au, Yushmanov, Tris, Sierra Leone, 997-6430, &SoZ)W, 
ucurtiss@comcast.net, Curtiss, Uriah, Kiribati, 997-1507, qYN;ix\q/7?l, 
ugheeraert@telenet.be, Gheeraert, Uriah, Colombia, 997-5640, GA||Z\, 
uhakey@hotmail.de, Hakey, Uriah, Turkey, 867-2971, aZZoQy]RZO:, 
usuddock@yahoo.com.ar, Suddock, Ulrika, Turkey, 867-6387, Pxx`Y-CirVP3<s, 
valwin@yahoo.co.uk, Alwin, Valry, Romania, 429-6779, x4Xhn*R7Y4Fi, 
vcastagneri@gmx.de, Castagneri, Veronique, Mongolia, 997-4461, cvn5"6b, 
vclaque@hetnet.nl, Claque, Vicky, Czechia (Czech Republic), 219-2203, GcF5ZL#5in#ob7, 
vdi pietro@uol.com.br, Di Pietro, Valry, Somalia, 997-2785, ^=i2b2x{YEXmyim, 
vdinnies@yahoo.de, Dinnies, Veronike, Tuvalu, 398-2898, 5/M[tJ^'/^f, 
vfelipe@verizon.net, Felipe, Valdemar, Algeria, 908-9284, qT01iCs9HeTV@vy, 
vgerran@rediffmail.com, Gerran, Valentine, Papua New Guinea, 908-5879, tyj"KEIvzM|dS2Z, 
vgerriet@sympatico.ca, Gerriet, Vanya, Belize, 908-4895, ;`5G.4~$I4?, 
vhakey@yahoo.fr, Hakey, Vinny, Rwanda, 444-3163, IFP$~=O;gQ{G=$, 
vhulkes@yahoo.com.au, Hulkes, Veronique, Israel, 925-4571, [o[ol7, 
vjanacek@freenet.de, Janacek, Veronike, Finland, 444-3516, ?W?'#veS9ZA, 
vkerman@chello.nl, Kerman, Verene, Guinea-Bissau, 444-8837, qori[aE^*ZE'7-, 
vmcfadin@gmx.de, McFadin, Veronique, Fiji, 429-7407, (T86T#C5ml, 
vpeyes@yandex.ru, Peyes, Vicky, Pakistan, 925-9215, YmEf0.A, 
vprandini@uol.com.br, Prandini, Valentine, Antigua and Barbuda, 270-1092, iczHF%, 
vpringle@aol.com, Pringle, Valma, Ecuador, 908-6317, Qj"h(6Sx%, 
vrandall@terra.com.br, Randall, Vinny, Senegal, 867-9888, (L@vC|+w-\bM;c(, 
vroutley@voila.fr, Routley, Veronike, Portugal, 209-3052, cT?PD~iT"y_lSf[7, 
vrumford@uol.com.br, Rumford, Vicky, Nauru, 219-1206, E9)e2MT7T0z3Ah9u, 
vscotchford@yahoo.ca, Scotchford, Vincenty, Djibouti, 219-7610, kxp2<Vo)R+M(o`P, 
vseer@live.ca, Seer, Veronique, India, 444-9074, ye6A;ht)?QM, 
vswetman@googlemail.com, Swetman, Veronique, Sweden, 908-5773, )jxqK=/*|m>9?xp, 
vtootell@yahoo.in, Tootell, Vail, Uruguay, 219-5181, eiV?Wg'q}xcs}YJ, 
vwalesby@alice.it, Walesby, Vail, Iraq, 867-8346, VkYvRWJ2lVQ$T[0, 
vwardle@hotmail.fr, Wardle, Vera, Bahrain, 925-4816, 1+bJgk, 
vyallowley@comcast.net, Yallowley, Veronike, Fiji, 997-4551, '>9L.['@1:ete, 
wabrahamoff@juno.com, Abrahamoff, Westbrook, South Sudan, 867-6695, ZKUUvJ4}.BLr, 
wbettington@mac.com, Bettington, Westbrook, Antigua and Barbuda, 997-3034, 74#+N", 
wblanden@ig.com.br, Blanden, Westbrook, Kazakhstan, 429-7669, "t0E\@!P="2Hw, 
wbromidge@ig.com.br, Bromidge, William, Venezuela, 925-8155, }jCFAe|8g)k;C@, 
wdeveraux@optonline.net, Deveraux, Waite, Eritrea, 209-6084, A/hSJE, 
wfeatherstone@mac.com, Featherstone, Winnie, Iceland, 997-1449, 'llMi+q^ap, 
wfrisdick@bluewin.ch, Frisdick, Wat, Sierra Leone, 444-5613, T#m^\'CQV"M(U, 
whold@zonnet.nl, Hold, Wallis, United Arab Emirates, 444-3656, 1B'@YL^U?JNKv%, 
wklosges@blueyonder.co.uk, Klosges, Witty, Cameroon, 219-8703, x03TB"sd3h, 
wkorneichuk@charter.net, Korneichuk, Will, Bangladesh, 444-6156, Xz)6S\3.fV7b, 
wmacquist@yahoo.fr, MacQuist, William, Belgium, 997-3638, i9(fr1:)BB.t, 
wmarson@bellsouth.net, Marson, Westbrook, Vietnam, 908-9882, !UC{T=, 
wmechan@hetnet.nl, Mechan, Wallas, China, 997-4776, >r4G>zN_rtl, 
wmemmory@gmail.com, Memmory, Will, Dominica, 867-3208, 21~wmR$3S, 
wneillans@mail.com, Neillans, Wendy, Singapore, 429-8936, 3M7#u)sK.}>J}, 
wperes@bluewin.ch, Peres, Westbrook, Sao Tome and Principe, 270-9886, guok>(Tc\s;(3it>, 
wsiemandl@ymail.com, Siemandl, Wat, Timor-Leste, 209-5739, ^m[3h+D!, 
wstainbridge@home.nl, Stainbridge, Wakefield, Algeria, 997-8040, r)aQYuA{(/T<G], 
wvan oord@free.fr, Van Oord, Wakefield, Comoros, 219-8826, 2v]`BrZ9k|Xd7, 
wwartonby@hotmail.es, Wartonby, Whitman, Tanzania, 997-8396, Z*]6Q@J("iN, 
xdonett@planet.nl, Donett, Xenos, Turkey, 908-7503, qxN@rDD, 
xmyhill@live.fr, Myhill, Xever, Latvia, 429-6899, g95b1`3H, 
xnockells@yahoo.com.br, Nockells, Xever, United Kingdom, 209-4407, Ex}gMt+W?H, 
xreasun@yahoo.co.jp, Reasun, Xenos, Iran, 997-5440, vSz>!cBlnvM?9M6/, 
xvauls@hetnet.nl, Vauls, Xever, Papua New Guinea, 997-3900, rUyvq$3Se]4, 
xwhelband@bluewin.ch, Whelband, Xenos, Lebanon, 444-3639, 17PZ[s3=, 
ybrando@laposte.net, Brando, Yves, Kiribati, 867-7508, vd!<+;)pmM}W?, 
ychastanet@yahoo.co.uk, Chastanet, Ynes, Portugal, 997-3134, #:.#khzPN]q, 
yegglestone@alice.it, Egglestone, Yves, India, 908-8646, VQr)!0ETZ\|, 
yetuck@uol.com.br, Etuck, Yvor, Turkmenistan, 219-6968, KP~Q./R`, 
yo'cannovane@yahoo.com.au, O'Cannovane, Ynes, Tunisia, 444-2031, 1c0W&C8, 
yreppaport@yandex.ru, Reppaport, Yorke, Croatia, 270-2388, O#!Lw(Gv#9t/, 
yruprechter@gmail.com, Ruprechter, Yvonne, Morocco, 444-6023, ZlQ]c<t), 
yyallowley@gmx.de, Yallowley, Yehudit, Pakistan, 209-1042, Ts.g^6T"e__K, 
zfleury@home.nl, Fleury, Zuzana, Trinidad and Tobago, 444-9858, !/iFD#, 
zvaszoly@yahoo.co.id, Vaszoly, Zsazsa, Tuvalu, 270-9058, {OG<(HdY011{6^, 
