UserId, FirstName, LastName, Country, PhoneNum, Email, SIN, Password, 
1, Karylin, Chewter, Malawi, 429-5793, kchewter@earthlink.net, 524238335, Sll+2M, 
2, Yvonne, Berard, Sri Lanka, 908-7172, yberardr@shaw.ca, 503455736, ubv5Qo2dV<u[9H($, 
3, Ulrika, Dunkersley, Rwanda, 867-3421, udunkersley@cox.net, 214544919, *]=*o|, 
4, Annelise, Pape, Croatia, 867-8862, apapeersley@bol.com.br, 142999170, JTbA07$Q:vF, 
5, Jacinta, Dauney, Belarus, 209-9367, jdauneysley@aol.com, 710515434, >/$U+%59, 
6, Dulcine, Cino, Switzerland, 925-1060, dcinoeysley@gmx.de, 611549676, 6/%gczHCm)>**C, 
7, Buddy, Ivins, Morocco, 270-2280, bivinsysley@verizon.net, 502724286, 0LaFa(, 
8, Hendrik, Care, Pakistan, 270-3675, hcaresysley@aol.com, 810120709, BGDJibmr@+op}(, 
9, Peyton, Midlane, Benin, 444-8715, pmidlaneley@windstream.net, 573226340, qXyxU8&::G{wpe, 
10, Inness, Bygrove, Switzerland, 209-3914, ibygroveley@live.co.uk, 108936987, jB4rRW, 
11, Ettie, Itscowics, Myanmar (formerly Burma), 429-1407, eitscowicsy@rocketmail.com, 339901474, CNB\0>o;$J5v_S, 
12, Yvonne, Miell, Brazil, 908-5840, ymiellwicsy@rocketmail.com, 209002904, uK((zY3, 
13, Lian, Matussov, Chile, 219-4772, lmatussovsy@live.ca, 386206725, =x#[p{Ie, 
14, Sapphire, Korneichuk, United Arab Emirates, 444-7611, skorneichuk@yahoo.co.uk, 650573622, x\q/7?, 
15, Merrielle, Bourgeois, Belgium, 270-6730, mbourgeoisk@bol.com.br, 508044878, yKi7't3iuc, 
16, Salmon, Drane, Maldives, 398-4036, sdraneeoisk@frontiernet.net, 438433452, f)G8HN0Wb_5"P, 
17, Sadella, Jewess, Rwanda, 867-8813, sjewessoisk@yahoo.fr, 862739668, ZW1KGCiQ?=, 
18, Regina, Angrove, Iran, 444-1887, rangroveisk@msn.com, 123089412, I0vKyA2, 
19, Mariellen, M'Chirrie, Bahrain, 270-5255, mm'chirriek@yahoo.com.ar, 396864819, <oH^s48K"yI'?1U, 
20, Christophe, Dimbylow, Sao Tome and Principe, 209-4292, cdimbylowek@yahoo.co.in, 306811972, Injw:u=;, 
21, Karney, Eastby, Brunei, 398-7209, keastbyowek@arcor.de, 800108581, MWdS1tD2O)^mg, 
22, Marijn, Mitie, Japan, 270-5567, mmitieyowek@libero.it, 157962504, z+;B)_3o=, 
23, Barbey, Georgeson, Central African Republic, 219-6872, bgeorgesonk@googlemail.com, 337949908, kqWJyZ, 
24, Cesare, Steffans, France, 209-2567, csteffansnk@bluewin.ch, 312251746, `GW#j8, 
25, Hamish, Franzotto, Sweden, 997-5253, hfranzottok@live.nl, 871294892, <9'B+xl, 
26, Titus, Adair, United States of America, 398-5304, tadairottok@aol.com, 596060028, g]9I5V4L&m;, 
27, Inness, Messer, Peru, 444-2159, imesserttok@virgilio.it, 112895151, 1VW8tE6h, 
28, Heloise, Bodham, Brazil, 429-1177, hbodhamttok@cox.net, 529202900, 66Z|;I8>cj7;sb4, 
29, Carolyne, Izachik, Cuba, 398-1117, cizachiktok@sky.com, 947228023, b$on!pN-Acg>}Kp, 
30, Scotti, Carthew, Venezuela, 908-1726, scarthewtok@yahoo.ca, 830634994, )Y|y=H#, 
31, Raimund, Breem, Malaysia, 997-5627, rbreemewtok@yahoo.de, 356541312, gZyiw4O$jwx, 
32, Belvia, Goodluck, South Korea, 444-3338, bgoodluckok@hotmail.fr, 973524566, ;oNWs.v, 
33, Jourdain, Bukowski, Philippines, 429-4783, jbukowskiok@yahoo.com.mx, 553436873, >lVlpAd%, 
34, Patricio, Brunker, United Arab Emirates, 444-2438, pbrunkeriok@verizon.net, 199058025, 3&8jx_{zVh6d=+(t, 
35, Drucill, Tripean, Chile, 925-9791, dtripeaniok@verizon.net, 902205057, V^I:V^, 
36, Moss, Fursey, Mexico, 209-6030, mfurseyniok@live.it, 491554098, .km]jgq;yi8{=3X, 
37, Heida, Smallcombe, Jamaica, 908-7483, hsmallcombe@live.nl, 495279207, py0^._, 
38, Brinn, Brodhead, Sierra Leone, 867-9049, bbrodheadbe@live.fr, 265421244, \30`JG8]~ozQq9X, 
39, Gardiner, Newbigging, Albania, 867-7486, gnewbigging@facebook.com, 803550253, ke|>xM6/DIY%., 
40, Egor, Nanni, China, 867-5943, enannigging@yahoo.com.mx, 465122573, :D[G(]~Jm77S, 
41, Rafaello, Whicher, Turkmenistan, 219-3073, rwhichering@frontiernet.net, 355722604, h]1$47>Z8C.k"hM, 
42, Nico, Vernau, Pakistan, 429-5770, nvernauring@neuf.fr, 634433518, 3/=HNMgQPE, 
43, Cleon, Marson, Palestine State, 398-3063, cmarsonring@aim.com, 246370347, u6kx}0YK|Cc#^, 
44, Roxy, Houselee, Côte d'Ivoire, 219-5262, rhouseleeng@bellsouth.net, 869679262, N!F=/Ycv>hl, 
45, Cristobal, Snasel, Congo (Congo-Brazzaville), 444-7701, csnaseleeng@rediffmail.com, 307621703, |6|uGH-![+[@Yu, 
46, Katalin, Walstow, Eritrea, 219-1506, kwalstoweng@verizon.net, 325554010, %"f%mdx@_1Vw(8@4, 
47, Aleksandr, Summons, Paraguay, 429-9850, asummonseng@googlemail.com, 480390179, ])2l&E~*Fe, 
48, Eva, Blankett, Burundi, 429-6296, eblankettng@frontiernet.net, 931768825, =Y\v)/, 
49, Auria, Murton, Israel, 444-6595, amurtonttng@juno.com, 487859999, bhYg.r, 
50, Daniele, O'Gavin, Argentina, 908-3563, do'gavintng@mail.ru, 680508860, 8bQnWIfyq/[/.ih, 
51, Moira, Marzele, France, 444-8643, mmarzeletng@rambler.ru, 840170337, sb1b!$r-<, 
52, Burton, Antoniewicz, Latvia, 398-7657, bantoniewicz@sbcglobal.net, 810009097, U8vb<_, 
53, Waly, Lucien, Georgia, 398-9393, wlucienewicz@ig.com.br, 581928577, #LWdLZrX1cjV, 
54, Sterling, Bartlam, Zimbabwe, 429-2776, sbartlamwicz@yahoo.com.br, 196055805, 5UeuFEj6SSBo:xn, 
55, Rozanna, O'Gavin, Bahamas, 867-7334, ro'gavinwicz@yahoo.com.au, 739942439, j&Rly$'!R[, 
56, Stormy, Pinch, Peru, 219-6217, spinchinwicz@sbcglobal.net, 187665154, 0=VC-<2m0LN, 
57, Bonnibelle, Sarre, Trinidad and Tobago, 908-3590, bsarreinwicz@yahoo.ca, 923578341, G(D$(lZ, 
58, Annabela, MacQuist, Croatia, 444-6667, amacquisticz@shaw.ca, 494709364, yw}F".qOz/#, 
59, Veronique, MacDiarmond, Namibia, 209-3465, vmacdiarmond@ig.com.br, 298994314, C>:|@oDnaztD0m, 
60, Merry, Hember, India, 867-1833, mhemberrmond@frontiernet.net, 712353198, tTlScuXz)6S\3., 
61, Carlie, Bambrugh, Holy See, 398-2100, cbambrughond@tin.it, 203409954, ycQ$4Nu4?&, 
62, Karylin, Bleeze, Central African Republic, 867-6304, kbleezeghond@mail.com, 253161956, `OV.]=ds;P!, 
63, Vita, Selwin, Bosnia and Herzegovina, 867-4377, vselwinghond@yahoo.in, 316945487, H"?N$~A%<(!5#Pj, 
64, Philipa, Ferrey, Rwanda, 219-7898, pferreyghond@uol.com.br, 339352160, SFQr]%y]L67y, 
65, Kris, Swainston, Monaco, 270-8710, kswainstonnd@club-internet.fr, 184124220, _*loQ0~l(yDZ@ug9, 
66, Ferne, McSporon, Czechia (Czech Republic), 398-5373, fmcsporonnnd@club-internet.fr, 311800030, xL@eDx"$=m/, 
67, Lian, Doonican, Somalia, 908-2881, ldoonicannnd@yandex.ru, 632495011, 8d{Pxx, 
68, Leonard, Deveraux, Guinea, 209-7139, ldeverauxnnd@bigpond.net.au, 431016259, 3<sF>3b, 
69, Tatiana, Gooddie, Chile, 429-2087, tgooddiexnnd@free.fr, 345240853, iL3NcbG\];$<&2, 
70, Pierrette, Frearson, Belize, 429-4443, pfrearsonnnd@yahoo.ca, 518646579, #GR)@U$X, 
71, Maryjo, Carthew, Samoa, 908-3948, mcarthewnnnd@mac.com, 162764794, _XQbsVseG, 
72, Shandy, Domleo, Belize, 867-2484, sdomleownnnd@yahoo.com.mx, 186086317, T|LD;%0B*q, 
73, Madison, Barnett, Zimbabwe, 270-5676, mbarnettnnnd@ntlworld.com, 738026652, 9Pv9vdb=, 
74, Tabatha, Fritter, Saudi Arabia, 209-1333, tfritternnnd@bigpond.com, 463304213, Re%a(Hm:, 
75, Allistir, Gallymore, Ecuador, 219-7202, agallymorend@voila.fr, 281226513, qT'$9$ApJy>, 
76, Guglielma, Kuhnt, Benin, 429-6356, gkuhntmorend@free.fr, 931190952, oex*:nj.), 
77, Marcille, Brecon, Mauritius, 908-1330, mbreconorend@rambler.ru, 740846267, :2b}G;{i>y, 
78, Dino, Hember, Côte d'Ivoire, 997-7741, dhemberorend@aliceadsl.fr, 291714937, QQ?^Zecj9=", 
79, Adriano, Pennell, Slovenia, 908-3164, apennellrend@yahoo.com.sg, 433584523, jf!d_&7I6NFh:, 
80, Lydon, Woodland, Solomon Islands, 270-6053, lwoodlandend@terra.com.br, 399420528, 5.0^bejPb, 
81, Vergil, Clementel, Luxembourg, 398-3098, vclementelnd@mail.ru, 823804486, k>;L'T^/ge, 
82, Dalenna, Naulls, Côte d'Ivoire, 908-2797, dnaullstelnd@aol.com, 554416748, {KqM.ZgVB=, 
83, Elston, Keetch, Slovakia, 444-2049, ekeetchtelnd@frontiernet.net, 699529154, 3E86EM08$X7, 
84, Debora, Hulkes, Trinidad and Tobago, 398-2097, dhulkestelnd@yahoo.com.au, 654602408, |L$UEM^^P=EYO%p~, 
85, Gun, Ionn, Japan, 429-5833, gionnestelnd@neuf.fr, 445644428, `z/M1%rHQu|u^[o, 
86, Maryrose, Kulas, Andorra, 429-1794, mkulasstelnd@rediffmail.com, 180329499, QeFM\G5W)J!UZ%, 
87, Jaimie, Fodden, Seychelles, 925-1465, jfoddentelnd@ymail.com, 931099451, pzD@|A.+Wx, 
88, Emiline, Reitenbach, Lithuania, 444-8135, ereitenbachd@yahoo.es, 590387708, ?s#4wdkhX, 
89, Teodor, Ezele, Nauru, 867-8633, tezelenbachd@me.com, 635525339, =jBGCUR@7TdHL, 
90, Billy, Jose, Côte d'Ivoire, 219-3977, bjoseenbachd@neuf.fr, 353674535, AZ!"Gt, 
91, Danella, Fidal, Romania, 997-6836, dfidalnbachd@googlemail.com, 603458793, "GYRzYw]&]4n-bWF, 
92, Moira, Loody, Burundi, 219-6529, mloodynbachd@mail.ru, 119785523, SN$04]IO&$";, 
93, Dede, Stollard, Oman, 925-5220, dstollardchd@sbcglobal.net, 298562957, *v_>Ez(.w, 
94, Lynnette, Donett, Peru, 444-8520, ldonettrdchd@yahoo.co.uk, 656139563, %29B4S9, 
95, Elston, Pottle, North Macedonia, 444-5862, epottlerdchd@sfr.fr, 204251768, #M+ab2nZw(&\, 
96, Christophe, Bulloch, Saint Vincent and the Grenadines, 398-8012, cbullochdchd@terra.com.br, 389544209, v1uwzJA&8, 
97, Cristobal, Farrow, Latvia, 219-9422, cfarrowhdchd@yahoo.com.br, 546941484, VwOv>q-{-G, 
98, Fanni, Shearme, Zimbabwe, 444-6525, fshearmedchd@home.nl, 219382894, i55#CW"v, 
99, Rozelle, MacSkeaghan, Costa Rica, 219-1863, rmacskeaghan@sky.com, 678705400, -]XSs~yw$*sRI#, 
100, Thaddus, Heball, United States of America, 429-8989, theballaghan@yahoo.com.ar, 313331867, kwOb6?Q"%]^v2l2, 
101, Susana, Tether, Chad, 444-4470, stetheraghan@ymail.com, 299038585, cGG0\<3IBFw, 
102, Jeramey, Aartsen, Czechia (Czech Republic), 997-5325, jaartsenghan@yahoo.es, 208681983, #yC4ZCIE7KY-/, 
103, Heida, Phelps, Austria, 398-7708, hphelpsnghan@hotmail.es, 474138644, LSQB&B~1+o3?Ma, 
104, Leila, Blasing, Belgium, 219-6654, lblasingghan@live.nl, 484868448, 93$-+.xKZ_~G#?$<, 
105, Emmalynn, Woollin, Cabo Verde, 867-9299, ewoollinghan@yahoo.com.ar, 478792724, c=S'GeUzxX(, 
106, Mirabel, Male, Afghanistan, 925-6955, mmalelinghan@yahoo.com, 335386147, 8\@SFg^, 
107, Shae, Guilleton, Holy See, 429-9377, sguilletonan@bigpond.net.au, 604038566, V*{?0}, 
108, Yves, Liebmann, Estonia, 219-4570, yliebmannnan@yandex.ru, 183555567, Kc2&7q(0No, 
109, Chandra, Carmel, Croatia, 209-6540, ccarmelnnnan@bluewin.ch, 204221117, !GH1_)x^?, 
110, Adelina, Johantges, Bosnia and Herzegovina, 209-8169, ajohantgesan@sbcglobal.net, 284384795, d>6/'&+_rUyvq$, 
111, Jennette, Pairpoint, Romania, 429-5682, jpairpointan@bellsouth.net, 523401433, H"4M<"{gt, 
112, Annelise, Tschersich, Serbia, 219-8799, atschersichn@tin.it, 272190528, X%:iuW{d=, 
113, Patricia, Verny, Jamaica, 444-9700, pvernyrsichn@rambler.ru, 744834684, UfnQN}g)Cqi(A, 
114, Aloysius, Kuhnt, Chad, 270-6977, akuhntrsichn@tin.it, 161204105, ;mUMN~kVeXFL, 
115, Britney, Leibold, Uruguay, 398-3963, bleiboldichn@yahoo.co.in, 447412082, (_-LYQE>(t:\b, 
116, Cary, Selwin, Lesotho, 219-9335, cselwindichn@sbcglobal.net, 640106892, bodt&_n, 
117, Etta, Sharpus, Vietnam, 398-1699, esharpusichn@virgilio.it, 975470641, lp)te\kceu/D&eL, 
118, Philippine, June, Kiribati, 398-7564, pjunepusichn@yahoo.com.sg, 550395738, :9!:0"!ymp#|p_, 
119, Ofelia, Sherborne, Venezuela, 925-8155, osherbornehn@tiscali.it, 140700573, jCFAe|8g)k;C@JD, 
120, Barb, June, Zimbabwe, 398-9651, bjunebornehn@virgilio.it, 781928291, N;HDYaBD?g~?d, 
121, Basia, Leftly, Tanzania, 429-3811, bleftlyrnehn@zonnet.nl, 318186733, )7enaaS}=<*W}M1`, 
122, Joceline, O'Neill, Guyana, 429-5880, jo'neillnehn@laposte.net, 383467324, yv3V[*]cA], 
123, Arther, Knowlden, Italy, 908-7698, aknowldenehn@ntlworld.com, 400977805, M[FxVOg, 
124, Patricio, Biset, Slovenia, 867-6179, pbisetdenehn@uol.com.br, 904046007, NO{WGy3%MP]), 
125, Birch, Quinevan, Kazakhstan, 270-9833, bquinevanehn@frontiernet.net, 607611410, Kt{VO), 
126, Jean, Janacek, Benin, 444-2462, jjanaceknehn@voila.fr, 967874951, I^L\}4G, 
127, Kassie, Ramsey, Czechia (Czech Republic), 270-1294, kramseyknehn@hetnet.nl, 372327630, EB!A3iIfcl, 
128, Nico, Parysiak, Georgia, 444-7358, nparysiakehn@charter.net, 422343444, ~wf`n=G9X.cO, 
129, Homerus, Tranfield, Palestine State, 398-3549, htranfieldhn@hotmail.de, 887660056, ?"5mUsn[7, 
130, Svend, O'Neill, Burkina Faso, 444-4260, so'neillldhn@live.it, 386896499, W$%dfm8, 
131, Sheridan, Letixier, Zambia, 925-1186, sletixierdhn@yahoo.co.uk, 245972417, Ddx4Xhn*R7Y4Fi, 
132, Elwood, Varndell, Pakistan, 209-1042, evarndelldhn@ig.com.br, 127946632, s.g^6T"e__Kr, 
133, Becky, Kearton, Romania, 997-3053, bkeartonldhn@msn.com, 222125315, vs'u;b, 
134, Malcolm, Sackler, Mauritania, 867-1131, msacklerldhn@mail.com, 355785752, ZGA&B'wOD*L, 
135, Odey, Swabey, Italy, 270-3970, oswabeyrldhn@charter.net, 204642738, ]F7]}33, 
136, Leonid, Baudet, Mauritius, 444-6461, lbaudetrldhn@bellsouth.net, 706765135, yYs-*R, 
137, Hakeem, Farryn, Germany, 398-5702, hfarrynrldhn@blueyonder.co.uk, 534457257, 5>?tT{., 
138, Justin, Mussared, Rwanda, 925-2850, jmussareddhn@yahoo.co.jp, 958781272, as";#/, 
139, Joceline, O'Doogan, Kenya, 429-7619, jo'doogandhn@facebook.com, 809163925, FhH}(Wl%em, 
140, Mechelle, Seer, Honduras, 209-7228, mseerogandhn@tiscali.co.uk, 760420424, 159M]3#<zd8$xw', 
141, Cathleen, Bedburrow, Sao Tome and Principe, 219-1350, cbedburrowhn@yahoo.fr, 949876229, _'gj)%9'PM@|+, 
142, Pauletta, Grebner, Bosnia and Herzegovina, 867-2440, pgrebnerowhn@ntlworld.com, 888513271, +-C!;p|, 
143, Nels, O'Suaird, Iceland, 429-7399, no'suairdwhn@live.fr, 229765404, nK+Y3dW, 
144, Malinde, Ockendon, Bosnia and Herzegovina, 925-3242, mockendonwhn@sky.com, 347849492, qoe6!ACgz/u1, 
145, Myrta, Ruffle, Benin, 270-5146, mruffleonwhn@rediffmail.com, 229009428, eE9q3l7wF, 
146, Cyndia, Mabb, Ghana, 429-6507, cmabbleonwhn@bigpond.com, 152617546, .0vV@)M:C)W72, 
147, Benedict, Petty, Italy, 997-9221, bpettyeonwhn@windstream.net, 709940042, z@}}eq(\SQn+qvq, 
148, Demetra, Pavlovsky, Timor-Leste, 997-9335, dpavlovskyhn@yahoo.it, 381063046, 8!;5f7UdO;WZaxR5, 
149, Filberte, Brabender, United Arab Emirates, 867-1818, fbrabenderhn@hotmail.de, 427586442, `OpAAsXA~/V!EFe, 
150, Sylvia, Ducastel, Czechia (Czech Republic), 429-9311, sducastelrhn@yahoo.com.au, 284048626, iuK[H2-4-[@, 
151, Kameko, Collings, Estonia, 997-1584, kcollingsrhn@cox.net, 174061048, N/TN=P@&GE[9, 
152, Dar, Presnell, Guatemala, 209-3342, dpresnellrhn@gmail.com, 270034225, =l#ii6+CcY, 
153, Shandeigh, Bigglestone, Democratic Republic of the Congo, 444-7696, sbigglestone@live.com.au, 320282619, ER4!kBkjG!zXc, 
154, Hussein, Dalliwater, El Salvador, 997-8534, hdalliwatere@gmx.net, 820936636, 5;>`>xt, 
155, Andrey, Huddy, Montenegro, 209-2483, ahuddywatere@googlemail.com, 695749339, S)by)]R'J3le, 
156, Karlee, Remmers, Kiribati, 997-9275, kremmerstere@verizon.net, 365939255, UzB2~@4pQON%W1~, 
157, Enrichetta, Booij, Nepal, 270-2492, ebooijrstere@arcor.de, 324516898, Z5$]f@+<;, 
158, Corinne, Raiker, Paraguay, 209-2609, craikerstere@laposte.net, 912268428, svX&1S.{nz6wN+, 
159, Veronique, Anthony, Ukraine, 867-6661, vanthonytere@juno.com, 413690868, $)$W/T|"Uqw, 
160, Ad, Westrope, Mongolia, 398-4770, awestropeere@hotmail.de, 519619072, naWy!UC{T=*I, 
161, Ferdie, Shapera, Saudi Arabia, 908-9538, fshaperaeere@bigpond.com, 797054660, E=xVE/, 
162, Odey, Biset, Mali, 908-6655, obisetraeere@skynet.be, 439547247, t`EOPcYxC"4L, 
163, Cynthy, Leith, Slovenia, 219-7983, cleithraeere@ymail.com, 268488323, R-aQ&zY, 
164, Zsazsa, Mum, Grenada, 444-1958, zmumthraeere@sky.com, 642090057, P4ocq2>Dx0.?, 
165, Kissiah, Allsupp, Bahamas, 398-9259, kallsuppeere@freenet.de, 468308970, 3Ok9+1;+`RZ0\X", 
166, Afton, Goscar, Guinea, 997-8969, agoscarpeere@shaw.ca, 922844083, 'x.1KEk<, 
167, Rockie, Yakovlev, Vietnam, 444-4055, ryakovlevere@sbcglobal.net, 398975429, 43D]*7^, 
168, Tallie, Crisell, Peru, 444-7805, tcrisellvere@rediffmail.com, 929774317, \Vll"2r=$H_Hl2), 
169, Lucius, Heyworth, Nicaragua, 398-8976, lheyworthere@live.fr, 245251304, A;ht)?QMz(:, 
170, Dalenna, Disbrow, Nicaragua, 270-2403, ddisbrowhere@tiscali.co.uk, 793740418, fD'*5fy, 
171, Ettie, Sokill, Singapore, 867-2784, esokillwhere@hotmail.es, 962372072, D(KunF, 
172, Cosette, O'Quin, Panama, 270-1002, co'quinwhere@outlook.com, 735589735, /[/l{8"bL~<@b, 
173, Roz, Beaushaw, Mongolia, 997-3396, rbeaushawere@uol.com.br, 178756298, -B\P%|su9<?/d+, 
174, Susana, Gheeorghie, Myanmar (formerly Burma), 429-2589, sgheeorghiee@yahoo.de, 161701682, $/>T\[P<g-w, 
175, Carissa, Lacasa, Argentina, 444-6679, clacasaghiee@club-internet.fr, 717409831, <G&F^fhCGG, 
176, Bryant, Vater, Lesotho, 429-7814, bvateraghiee@laposte.net, 873748473, h#~0y7Z*], 
177, Conant, Gollin, Hungary, 997-4635, cgollinghiee@live.fr, 654841746, `PQ>2x~zC*X\o, 
178, Sol, Jurgensen, Uzbekistan, 398-9151, sjurgensenee@tiscali.co.uk, 835654526, L}z|>_&@Jm, 
179, Jeth, Lundbeck, Monaco, 398-1975, jlundbecknee@yahoo.co.id, 362021414, uz5R&&L3t<, 
180, Katherina, Crayden, Marshall Islands, 908-4766, kcraydenknee@live.it, 989243938, u>GZ{oeT7|F, 
181, Lillian, Lea, Morocco, 444-4440, lleaydenknee@hotmail.fr, 140443437, sWbIlc, 
182, Purcell, Duddin, Iceland, 270-2777, pduddinnknee@voila.fr, 197517875, !bgoHV', 
183, Yardley, Kerss, South Africa, 270-9886, ykerssnnknee@neuf.fr, 494062426, ~YcVWG]U-yj+>, 
184, Jeffry, Forsythe, Comoros, 398-2222, jforsythenee@hotmail.co.uk, 343444543, {vK49'b, 
185, Elnora, Drane, Micronesia, 925-6351, edranethenee@sfr.fr, 696216347, KfG_kk87g, 
186, Noach, Lucien, Spain, 925-9576, nlucienhenee@rediffmail.com, 988017808, u0VI69IFP, 
187, Batholomew, Spiaggia, Poland, 925-3220, bspiaggianee@windstream.net, 846926210, G=$^njTQ0, 
188, Wallas, Cowthart, Georgia, 270-4347, wcowthartnee@yahoo.com.ar, 680032908, 4JrwpC6+_e_bQ, 
189, Kalindi, Leipelt, France, 219-9655, kleipelttnee@skynet.be, 136208501, HIFf?KPDE*r*{, 
190, Sibby, LeMarchant, Luxembourg, 997-4143, slemarchante@live.ca, 439193736, {Q1@ZE]Q, 
191, Mina, Barrie, Uruguay, 219-4199, mbarriehante@hotmail.es, 496926156, e&:+wD'bX`c35}MK, 
192, Feodor, Gildea, Slovenia, 997-1340, fgildeahante@live.com, 269142334, Mo%]'eR'kl, 
193, Rianon, Liverock, Pakistan, 398-5753, rliverocknte@comcast.net, 141268864, Qa]9GHuLR4J/1w9, 
194, Shepperd, Chrystie, Zimbabwe, 219-1269, schrystiente@mail.ru, 790918075, p:YC6wotckm{3, 
195, Jerad, Prine, Jordan, 444-5371, jprinetiente@aol.com, 209676663, <d;?PN, 
196, Raynor, Richardson, Serbia, 908-1826, rrichardsone@uol.com.br, 357918263, }Xfa_Twqi%', 
197, Gar, Trunby, Comoros, 925-3463, gtrunbydsone@yahoo.co.uk, 223473348, HWQupX(zxrcO, 
198, Vin, Spring, Democratic Republic of the Congo, 925-4032, vspringdsone@yandex.ru, 866554831, *%Juct, 
199, Yardley, Jamieson, Peru, 398-6761, yjamiesonone@mail.com, 449851601, hEnp@g}?Rou#v, 
200, Inez, Yakovlev, Malta, 444-2125, iyakovlevone@yahoo.fr, 139288131, x)@]:#)-VZu6I, 
201, Veronike, Twentyman, Zambia, 997-1536, vtwentymanne@terra.com.br, 643491243, Uf2v]`BrZ, 
202, Kirk, Zannolli, Gambia, 867-4774, kzannollinne@shaw.ca, 212718116, DfaT|;, 
203, Vivia, Loud, Turkmenistan, 398-7397, vloudollinne@hotmail.it, 289059476, E4W=s40hL6f&y8, 
204, Alissa, Ghelerdini, Saint Vincent and the Grenadines, 209-1367, aghelerdinie@mac.com, 333706647, dfz:c@w, 
205, Lucius, Trunby, Oman, 209-3972, ltrunbydinie@yahoo.com.sg, 722858860, $plSqqh+(&, 
206, Dniren, Leith, Senegal, 997-1201, dleithydinie@qq.com, 166491027, ]}b}uH93\+'d0Do{, 
207, Aubert, Pennell, Denmark, 867-6871, apennellinie@hotmail.fr, 145359154, NXRe!8cx6Fv-*, 
208, Elvin, Turle, Slovakia, 270-8989, eturlellinie@live.ca, 818152760, n6kQ>"X$, 
209, Benedikta, Eastby, Dominican Republic, 444-1280, beastbylinie@sympatico.ca, 601560353, OC61T\T}PTl, 
210, Dre, Claesens, Ethiopia, 867-6409, dclaesensnie@juno.com, 313132347, YH"v9{b, 
211, Nikki, Babst, Bahamas, 925-6112, nbabstensnie@hotmail.it, 549420721, I&o|>AQ'%2, 
212, Godfrey, Blackhurst, Estonia, 429-1876, gblackhurste@voila.fr, 595401666, }g(z1'd>j|m, 
213, Jeffry, Morpeth, Peru, 209-3945, jmorpethrste@outlook.com, 469833163, qPM$v.P}8pMC*5d&, 
214, Brandise, Sainer, Tanzania, 270-6745, bsainerhrste@live.com.au, 609643566, G4M?y2Mkb5, 
215, Rivkah, Memmory, Israel, 925-9038, rmemmoryrste@web.de, 970376242, Qn)Q/hW3, 
216, Don, Kruschov, Kiribati, 444-3189, dkruschovste@tin.it, 805651378, NO!6V|J, 
217, Horst, Yarrell, Nigeria, 270-3975, hyarrellvste@aol.com, 107155895, #C5ml8_:8\, 
218, Noble, Jellico, Slovakia, 398-5480, njellicovste@hotmail.it, 630123840, B\NYBIeI88, 
219, Vergil, Jarville, Tanzania, 209-9873, vjarvilleste@zonnet.nl, 121363101, obPB?S6WK^]-W:i, 
220, Bevvy, Glastonbury, Slovakia, 398-3055, bglastonbury@me.com, 640380270, #'O9P(<, 
221, Jobina, Levensky, Gabon, 219-2189, jlevenskyury@bol.com.br, 688965557, tO}muU(y06@4*, 
222, Stevana, Allan, Trinidad and Tobago, 209-3269, sallanskyury@ntlworld.com, 138199531, (;@S:p\rsa, 
223, Simon, Sokill, Lesotho, 429-1268, ssokillkyury@centurytel.net, 446331354, xHnGR81#};, 
224, Egor, Garric, Jordan, 398-9120, egarrickyury@optonline.net, 868356649, &SyyO|q/(FwT0-8}, 
225, Lucius, Breens, Malaysia, 209-8554, lbreenskyury@arcor.de, 621780300, fr1:)BB., 
226, Glynn, Smeal, Finland, 209-9602, gsmealskyury@optonline.net, 490883088, t"d%.{, 
227, Donnie, Ector, Estonia, 209-8978, dectorskyury@earthlink.net, 409418564, /XAY.c, 
228, Devin, Allsupp, Zambia, 997-2845, dallsuppyury@bigpond.net.au, 813194684, |>iqYN2feN{eVulH, 
229, Hendrika, Bodham, Netherlands, 219-3816, hbodhampyury@aol.com, 653596803, 3mY8VDS{0`UxqV^, 
230, Myrah, Embery, Equatorial Guinea, 925-9204, memberypyury@frontiernet.net, 788677538, `J'O.h9@, 
231, Francesca, Segot, Nauru, 925-3348, fsegotypyury@voila.fr, 757150799, c[#\MXUCE4T), 
232, Vail, Fillary, Grenada, 429-4221, vfillaryyury@yahoo.es, 387796504, 9]1+j>R<pM$TD&Kw, 
233, Lilas, Cahey, Libya, 209-1869, lcaheyryyury@qq.com, 270200474, p>HAb8tAH~F, 
234, Clywd, Itscowics, Cameroon, 209-9752, citscowicsry@tiscali.it, 332417183, A-hSG7uTlYnwwQSZ, 
235, Deeyn, Mulchrone, Malaysia, 444-3493, dmulchronery@hotmail.co.uk, 701110799, YXfY:]yF`h(ws}fz, 
236, Leonie, Cleminshaw, Netherlands, 444-7820, lcleminshawy@sky.com, 847190800, *ZE'7-S, 
237, Kanya, Newiss, Iraq, 209-9056, knewissshawy@sky.com, 332787891, ra<&VT'kFuy1Q[, 
238, Eva, Virgo, Qatar, 444-7073, evirgosshawy@bol.com.br, 575869818, Y'7.jiZd}NF:m7, 
239, Lynnette, Goodluck, Bahrain, 997-6731, lgoodluckawy@aol.com, 217900305, rN#qN-3JD', 
240, Nanine, Dyball, Guinea, 270-5593, ndyballckawy@aol.com, 382901094, qzu_Mcnj3t=pL0Zh, 
241, Jeth, Geeraert, Greece, 867-3294, jgeeraertawy@yahoo.fr, 862000549, .>HRGb/Sx@M`, 
242, Jonis, Clementel, Saint Vincent and the Grenadines, 867-5586, jclementelwy@voila.fr, 331606753, L7`gYoQ`*ZR7, 
243, Philipa, Bettlestone, Brunei, 398-8734, pbettlestone@yahoo.co.jp, 438398210, ltk+2Q[Cm8;:, 
244, Mikaela, Reedman, Panama, 219-7320, mreedmantone@club-internet.fr, 595842816, H*z[%9, 
245, Griffy, Goscar, Vanuatu, 209-9621, ggoscarntone@skynet.be, 916823884, 3|`mZO@0$CE&:, 
246, Rinaldo, Minet, Micronesia, 270-5268, rminetrntone@optusnet.com.au, 445406847, :\67]-YJ3h\JJd%4, 
247, Gussy, Verdy, Dominica, 219-3546, gverdyrntone@mac.com, 157174069, ~'"+"Ep;"Bk^hED, 
248, Ardisj, Nyssen, Kazakhstan, 219-6120, anyssenntone@live.ca, 119216446, YxqV(Ik_crzm/, 
249, Kermie, Broe, Uzbekistan, 270-9474, kbroeenntone@live.nl, 956730118, /x!W4Gdh-@, 
250, Henrietta, Winkless, Romania, 908-3494, hwinklessone@qq.com, 697957687, Yq"H;[B}8], 
251, Leese, Mechan, Niger, 209-4155, lmechanssone@live.fr, 388058261, Dh|P)ZoUmRLlX@, 
252, Moe, Gillbe, Burkina Faso, 429-2389, mgillbessone@outlook.com, 298168837, <z*}-*z, 
253, Trish, Loads, Togo, 444-7451, tloadsessone@home.nl, 877374883, 4-|!r%Y3}, 
254, Elana, Larmor, Marshall Islands, 925-8746, elarmorssone@club-internet.fr, 473947051, \5I%?^Ov8|L[, 
255, Herbert, Sebastian, Tajikistan, 219-2872, hsebastianne@me.com, 580733465, }!u"6Dn*&yTaJ|, 
256, Alva, Veare, Pakistan, 398-6187, avearetianne@virgilio.it, 411721459, h;"r5/8#&6=z7l, 
257, Ynes, Etherington, Zimbabwe, 398-9074, yetherington@sky.com, 919609524, |[MsFG"-l&, 
258, Laurice, Eustice, Morocco, 398-5497, leusticegton@yahoo.com.sg, 583918121, _jl1WFP, 
259, Ginni, Wardle, Chile, 219-8740, gwardleegton@juno.com, 385037200, 7sawtn, 
260, Leonard, Fursey, New Zealand, 925-4168, lfurseyegton@tiscali.co.uk, 503414865, 00jy{z, 
261, Jesselyn, Dimbylow, Botswana, 209-1022, jdimbylowton@bellsouth.net, 750868717, ""^Rt@K&IJ, 
262, Clywd, Graveson, El Salvador, 209-1056, cgravesonton@club-internet.fr, 142533461, nrU&mBbTuD'2f(N, 
263, Ginger, Buscombe, Estonia, 398-7885, gbuscombeton@yahoo.com, 600786664, R3VNC6U}@HnEQ1, 
264, Bax, Rudwell, Burkina Faso, 270-1267, brudwelleton@qq.com, 410911548, ;GB4F`1Dd|VUKy, 
265, Francesca, Cornau, Tanzania, 209-4063, fcornauleton@cox.net, 901243281, LHUlIzZ, 
266, Conant, Thurlbourne, Algeria, 997-5296, cthurlbourne@rambler.ru, 236381035, nvekM;8GAS, 
267, Tova, Casper, Bosnia and Herzegovina, 867-6229, tcasperourne@yahoo.co.id, 468435786, <J]7%)y5y:qL;`, 
268, Maurita, Gheeorghie, Myanmar (formerly Burma), 908-2659, mgheeorghiee@tiscali.it, 699203049, lG3>X:%6N@yFq:, 
269, Major, Farrow, Brazil, 925-2591, mfarrowghiee@orange.fr, 369053079, V8K>);WufD=5{, 
270, Heloise, Woodland, Monaco, 270-3970, hwoodlandiee@att.net, 617383757, gs-n\nJ, 
271, Sibby, Wheowall, Timor-Leste, 209-7293, swheowalliee@alice.it, 944224864, @QOB0(V, 
272, Laurice, MacCafferky, Venezuela, 270-5667, lmaccafferky@msn.com, 599676837, OkyuZpd?\c^~, 
273, Roxy, Gerran, Malta, 429-8276, rgerranferky@rediffmail.com, 942035879, tyj"KEIvzM|dS2Z, 
274, Timmi, Janacek, Luxembourg, 444-8709, tjanacekerky@outlook.com, 892359398, lCGtz-, 
275, Jillane, Booij, Tajikistan, 997-3105, jbooijekerky@terra.com.br, 721366821, g?VOWU#h1J'&, 
276, Simon, Morrill, Cyprus, 429-6203, smorrillerky@yahoo.fr, 340092024, sb=\r?r*v;c^tTH, 
277, Celie, Miell, Seychelles, 925-6094, cmiellllerky@yahoo.de, 259168920, Y+RIrQu, 
278, Sergei, Deveraux, Madagascar, 219-7151, sdeverauxrky@sympatico.ca, 822237927, o+dT%sCL@ML, 
279, Jaimie, Larmor, Panama, 429-9746, jlarmoruxrky@bol.com.br, 478275643, w3OnP0b+e, 
280, Emiline, Chatelet, Hungary, 398-8515, echateletrky@rambler.ru, 648636640, hKND4yNjob, 
281, Simon, Pasmore, Tanzania, 209-8731, spasmoretrky@frontiernet.net, 450701746, et=ptfI&;GyC/, 
282, Christophe, Oakley, United Arab Emirates, 219-7876, coakleyetrky@shaw.ca, 105176239, a(Y;nnR%T-jcJu, 
283, Noni, Prugel, Colombia, 209-6449, nprugeletrky@googlemail.com, 341774465, Joe\L=OoxKvR, 
284, Honoria, McKeefry, Guinea, 219-8224, hmckeefryrky@yahoo.es, 229412418, /^;#*0zn1)2t4, 
285, Westbrook, Franklin, Guyana, 219-1524, wfranklinrky@neuf.fr, 421098605, {O#8+o, 
286, Meade, Pabelik, Tajikistan, 429-8476, mpabeliknrky@mail.ru, 303086469, S{R\GZ*=)<*#&E, 
287, Roselle, Stammer, Sudan, 925-4178, rstammernrky@ymail.com, 930888980, SGL>^e#L<obmL+c, 
288, Annabela, Borkett, Guatemala, 429-7939, aborkettnrky@gmx.net, 353000820, 13+Ncm$t\d[5, 
289, Major, Begwell, Thailand, 429-6236, mbegwellnrky@yahoo.com.br, 938982993, mLc].iiwry\$H#, 
290, Deonne, Sitlinton, Iceland, 444-9487, dsitlintonky@arcor.de, 301412843, {MQ3-ITNIBz-, 
291, Angelina, Male, Ethiopia, 997-8762, amaleintonky@centurytel.net, 782856128, (FyY'&HBk7, 
292, Bree, Helsby, Dominica, 219-2230, bhelsbytonky@uol.com.br, 157893884, suF*=_2McgQ{zY\, 
293, Guthrey, Ledstone, Grenada, 997-4060, gledstonenky@centurytel.net, 311261157, W>_[m&Cq4SR=oM, 
294, Cathleen, Withey, Niger, 997-3940, cwitheynenky@virgilio.it, 512033081, $uJeFY&{;vTzl], 
295, Ranice, Gerriet, Angola, 429-7220, rgerrietenky@yahoo.de, 450091751, iCD5/M[tJ^'/^f, 
296, Christophe, Hillam, Somalia, 219-9674, chillamtenky@yahoo.co.jp, 266784600, ISp4<mjuZn:, 
297, Francesca, Lenihan, United Kingdom, 270-7225, flenihanenky@yahoo.fr, 508330959, xZ6_]5va*byk-h, 
298, Hendrika, Marson, India, 209-7069, hmarsonnenky@ymail.com, 307805037, O/kv1dO\<HQkB0, 
299, Raf, Bodham, North Macedonia, 444-8491, rbodhamnenky@telenet.be, 117170620, m(8.(v], 
300, Alec, Snasel, Tuvalu, 444-7083, asnaselnenky@rocketmail.com, 141453865, m3KP~Q, 
301, Witty, Nowak, Andorra, 867-7819, wnowaklnenky@outlook.com, 517672071, lTH/ko7|MN\ssB2K, 
302, Barrie, Vedenichev, Andorra, 219-4197, bvedenichevy@arcor.de, 669703419, &UrY2j49?uaF!3Cg, 
303, Sherwood, Ruffle, Saint Vincent and the Grenadines, 429-6113, srufflechevy@rambler.ru, 244511610, (My-E|?dR2Y}{(Q, 
304, Minny, Riba, South Africa, 270-6303, mribalechevy@yahoo.in, 446890982, B/t2'{fi>N, 
305, Glenn, Flann, Serbia, 219-7501, gflannechevy@zonnet.nl, 172469679, fMLm}#j, 
306, Michele, Peres, San Marino, 219-1833, mperesechevy@rambler.ru, 246092376, eFl{GV;tU~, 
307, Thom, Babst, Paraguay, 429-3654, tbabstechevy@sky.com, 543300599, :dK=i\, 
308, Sibby, Fasham, Bhutan, 219-6138, sfashamchevy@virgilio.it, 142734373, D7Xj).zw.9I, 
309, Tatiana, Balmann, Liechtenstein, 429-4451, tbalmannhevy@yahoo.in, 929887057, @DC7ycf\ZJk, 
310, Siouxie, Wormstone, Niger, 925-8689, swormstonevy@bol.com.br, 426064959, X_B<E&, 
311, Daniele, Loxton, Mozambique, 219-1748, dloxtononevy@bluewin.ch, 339306466, udrsKOh0V:9, 
312, Gun, Barracks, Angola, 444-1662, gbarracksevy@yahoo.fr, 592042210, /|54zGs*`GVYX;L, 
313, Valentine, Drees, Eswatini (fmr. "Swaziland"), 925-1615, vdreescksevy@orange.fr, 281038894, zHF%Xw!H'8vTMXH, 
314, Tally, Pett, Saint Vincent and the Grenadines, 997-1581, tpettscksevy@gmail.com, 533142383, Icpx/w}-.FS2~, 
315, Jillayne, Peyes, Turkey, 925-2234, jpeyescksevy@yahoo.co.id, 204012459, 2>geb0s_qN)UY=}Q, 
316, Isadora, Smitham, Cambodia, 867-9714, ismithamsevy@yahoo.com.mx, 437798942, Vv~:PsJa2Lb/[, 
317, Yorke, Loveday, Saint Vincent and the Grenadines, 429-8241, ylovedaysevy@hotmail.com, 119919772, WIh|(c1LxD#o, 
318, Don, Lynagh, Saint Kitts and Nevis, 444-9125, dlynaghysevy@bigpond.com, 244574246, 9-Cnzp, 
319, Lydon, Deetlof, Iceland, 997-7441, ldeetlofsevy@bellsouth.net, 967266229, }o[I<nlXxJ/SzJE4, 
320, Mavra, Ivins, Slovakia, 925-1257, mivinsofsevy@hotmail.it, 860207767, |+zWIO, 
321, Yves, Ferier, Kenya, 398-5944, yferierfsevy@charter.net, 866004082, r$qa9V'Mgc)WK^8, 
322, Sergei, Bilovsky, Micronesia, 908-9894, sbilovskyevy@freenet.de, 810214393, m[wxUk, 
323, Ed, Lougheed, Bahamas, 444-3829, elougheedevy@msn.com, 139828293, n(c2^J, 
324, Lucius, Eastway, Mongolia, 270-8760, leastwaydevy@blueyonder.co.uk, 200907370, 0}y}t-, 
325, Debi, Verdy, Togo, 270-5485, dverdyaydevy@windstream.net, 412197203, D1(MSkyL6%]U, 
326, Eb, Orriss, Niger, 997-5305, eorrissydevy@gmx.net, 692603198, r6u%ym-]+}~hI, 
327, Egor, Scholfield, Namibia, 997-6786, escholfieldy@sky.com, 751952074, Awn@Cus|QCf90{, 
328, Malvina, Volant, Netherlands, 444-3469, mvolantieldy@home.nl, 406026445, _~6lIx03, 
329, Leona, Shearme, Bhutan, 867-7746, lshearmeeldy@t-online.de, 529377313, c)e^Ra~DUex.4, 
330, Rance, Tanswill, Pakistan, 219-3341, rtanswillldy@hotmail.de, 225152410, *0{F${rkxp2<Vo, 
331, Ardith, Demoge, Switzerland, 270-7350, ademogellldy@yahoo.com.br, 801956813, >rXkUgb1B'@YL^, 
332, Valentine, Kemble, Albania, 444-1513, vkemblellldy@hetnet.nl, 811249680, fGnsuzoF:|9&S"#, 
333, Claudia, Frisdick, Brazil, 444-5804, cfrisdickldy@msn.com, 701971323, /{TsrrutUd!ct, 
334, Gabbie, Patullo, Mali, 908-1917, gpatullokldy@rocketmail.com, 321569538, oq=h5u:%, 
335, Xever, Kunkler, Malta, 867-9333, xkunklerkldy@alice.it, 423465261, 8-r7.VGD+|s[k, 
336, Feodor, Kaindl, Mali, 209-6570, fkaindlrkldy@gmail.com, 444449400, 4DoTqy~43, 
337, Prentiss, Jerrolt, Kuwait, 997-8879, pjerroltkldy@yahoo.com.br, 802712476, ++u}!b75s, 
338, Leese, Scorton, Uzbekistan, 908-7735, lscortonkldy@msn.com, 407590180, u4+D`G, 
339, Breanne, Grahlmans, Eswatini (fmr. "Swaziland"), 997-2615, bgrahlmansdy@sympatico.ca, 832760005, {ME{0[2>|, 
340, Findlay, O'Meara, Hungary, 209-6894, fo'mearansdy@aol.com, 593609498, -B2P#XuWcSXU*}Q, 
341, Ella, Tester, Solomon Islands, 997-3215, etesteransdy@cox.net, 561761673, FcI"`E, 
342, Debora, Dunkersley, Pakistan, 209-1487, ddunkersleyy@free.fr, 474835666, L-Q~~'D|qy[Yzt), 
343, Ferne, Ledekker, Belgium, 867-8603, fledekkereyy@bol.com.br, 863343750, zyTMso#, 
344, Rubina, Toomer, United Arab Emirates, 270-3119, rtoomerereyy@comcast.net, 849856098, `E0<9EKA, 
345, Elyn, McKeefry, Benin, 908-2597, emckeefryeyy@alice.it, 876524403, oqQ=![Za3$, 
346, Timmi, Congdon, Chile, 908-8762, tcongdonyeyy@mail.ru, 481477694, |Z\b6om@T=OL, 
347, Sibilla, Jarville, North Korea, 867-5329, sjarvilleeyy@neuf.fr, 259887569, ;/*IM+F;kf, 
348, Hali, McGreal, Botswana, 398-1312, hmcgrealeeyy@club-internet.fr, 135417405, LTo{;DUrIfK+l!, 
349, Gaspar, Furmenger, Brazil, 219-1470, gfurmengeryy@bigpond.net.au, 882737078, pmM}W?8E, 
350, Leoline, Blankett, Malawi, 444-3610, lblankettryy@rediffmail.com, 199039916, >rybz56-xPH$j, 
351, Ann-marie, Hindge, Nepal, 997-5478, ahindgettryy@shaw.ca, 483751559, Dr;KCW, 
352, Waiter, Barrie, Benin, 398-9195, wbarriettryy@t-online.de, 600467702, kc#w]R[`=o, 
353, Kiah, Vater, Syria, 270-3088, kvaterettryy@juno.com, 685695316, |a<Tgm8=wCkd0PfB, 
354, Franky, Collings, Norway, 997-5201, fcollingsryy@frontiernet.net, 541180183, `_/LB_E?Az.C%_, 
355, Roz, Whillock, Kazakhstan, 908-5529, rwhillockryy@tiscali.co.uk, 101826896, nx7'#(dP]F0'qke7, 
356, Laurice, Peatt, Monaco, 997-8005, lpeattockryy@chello.nl, 815292453, M5FIzwipB.co, 
357, Tildy, Trower, Burundi, 867-4593, ttrowerckryy@yahoo.co.id, 924804774, r:?@k>o}|=M^eHp, 
358, Frederigo, Elnor, Mauritius, 997-7576, felnorrckryy@gmail.com, 832390884, #*4+'o:%c, 
359, Kahaleel, Ferbrache, Papua New Guinea, 908-1271, kferbracheyy@sky.com, 614748566, K%rKgcq5_, 
360, Lilas, O'Hollegan, Czechia (Czech Republic), 444-5147, lo'hollegany@club-internet.fr, 690236503, L(Ce-ASPD.LQdF7i, 
361, Kalindi, Duddin, South Sudan, 997-1798, kduddinegany@hotmail.fr, 151055323, (6(Wm^%u, 
362, Roselle, Tilbrook, Netherlands, 429-5225, rtilbrookany@live.it, 896529518, 9'dy>hM;TdDTu, 
363, Frederigo, Haresnape, Saint Kitts and Nevis, 925-5914, fharesnapeny@chello.nl, 254776255, #tQA2H4, 
364, Demetra, Embery, Djibouti, 867-4455, demberyapeny@yahoo.co.jp, 758921832, {4ukw;@mDQ4T)vm, 
365, Harwilll, Zannolli, Gabon, 398-1568, hzannollieny@yahoo.com.au, 386420894, aN8NQK4.aa>MYr, 
366, Clerkclaude, Desport, Sweden, 908-7918, cdesportieny@optusnet.com.au, 620250610, /T<G]ocsR2F!|NE, 
367, Lorne, Marson, Benin, 925-1885, lmarsontieny@alice.it, 762294732, CQvcM9-"n, 
368, Tildy, Close, Burundi, 219-9685, tclosentieny@qq.com, 416730436, O1A[xec*c, 
369, Jacinda, Simmonds, Jamaica, 867-3016, jsimmondseny@tin.it, 520274971, u1Y#2IpFC5#fEF, 
370, Brigit, Vater, Rwanda, 997-9471, bvaterndseny@terra.com.br, 483722460, K)p;~!Mb[, 
371, Sigmund, Dalliwater, Togo, 209-5592, sdalliwatery@orange.fr, 827617405, p:#WxHm, 
372, Shandy, Dinnies, Seychelles, 429-2032, sdinniestery@hotmail.com, 118927664, .&J-@2n6n{d%<wn, 
373, Yancy, Schaffel, Denmark, 867-5868, yschaffelery@yahoo.ca, 290383233, AHw.r|\g+aMQ<, 
374, Aloise, Remmers, Qatar, 444-8991, aremmerslery@yahoo.de, 771401091, Hu/K:K'qK%3, 
375, Inness, Shimman, Liechtenstein, 997-6472, ishimmanlery@ig.com.br, 282791925, wPo4IK, 
376, Benedict, Berthe, Uzbekistan, 925-7832, bberthenlery@hotmail.com, 179745414, sCIYc;?g, 
377, Kirby, Mundwell, Brunei, 925-1244, kmundwellery@live.com, 818275111, 7jU'9~k8K, 
378, Elvin, Pottle, Ireland, 209-7786, epottlellery@yahoo.co.in, 146899220, =VLr0NZ\3|EUJBA;, 
379, Roxana, Goodban, Norway, 444-7571, rgoodbanlery@yahoo.com.br, 537204445, I5}=1!t"fg26\, 
380, Niall, Brodhead, Venezuela, 908-4147, nbrodheadery@laposte.net, 387887786, &M-x"t&!<, 
381, Anne, Grahlmans, Cuba, 270-5451, agrahlmansry@bluewin.ch, 488448430, |43IIoQGI:5.f, 
382, Riannon, Yeomans, Morocco, 444-3786, ryeomansnsry@juno.com, 316846854, %lFh=W@, 
383, Luigi, Scurlock, Central African Republic, 444-9172, lscurlocksry@free.fr, 609633776, mJ)Q}Xy~l-g., 
384, Ileane, Kemble, Argentina, 908-5576, ikemblecksry@bellsouth.net, 384703785, W84o=9YU7, 
385, Wallas, Ocklin, Croatia, 270-8951, wocklincksry@libero.it, 800502206, &N:L6a!"[;[z~, 
386, Chelsey, Woodgate, Philippines, 925-9877, cwoodgatesry@mac.com, 811386343, 8cVWyK|, 
387, Auria, Nyssen, Japan, 219-2941, anyssentesry@orange.fr, 245860548, hH$>T_Sm., 
388, Hadria, Revey, Albania, 908-6027, hreveyntesry@live.co.uk, 333706126, [6U`)~r, 
389, Irvine, Frisdick, Singapore, 867-6007, ifrisdicksry@orange.fr, 490226917, jPTd>]q?xWE, 
390, Ginni, Blackaller, Palestine State, 997-5405, gblackallery@tin.it, 584308628, ymxl4nF\G-, 
391, Sharon, Vauls, Lebanon, 209-8374, svaulsallery@live.ca, 404420171, M6l?t=)^\Lw(Fq, 
392, Lanny, O' Dornan, Ghana, 444-1564, lo' dornanry@gmx.de, 733027489, Lm|CF5:=), 
393, Tabatha, Oakley, Bahrain, 429-9000, toakleynanry@ymail.com, 350399616, D0TeVa, 
394, Benedikta, Anscott, Colombia, 997-9296, banscottanry@msn.com, 292070592, `'>fZW%}sq/5Tu3, 
395, Torrence, Van Oord, Gambia, 908-1236, tvan oordnry@gmail.com, 112834346, mVJj|:, 
396, Buddy, Dorken, San Marino, 925-6042, bdorkenrdnry@shaw.ca, 261119836, SiOa9?rKOHmi|, 
397, Gene, Jakeway, Belarus, 209-9791, gjakewaydnry@blueyonder.co.uk, 511488114, +hSHcqL:g+llYi&w, 
398, Doretta, Barnsdall, Syria, 209-6727, dbarnsdallry@zonnet.nl, 127885991, w~b5-2<7yn^, 
399, Arnuad, Castellanos, Rwanda, 398-1513, acastellanos@bellsouth.net, 961637199, D>U=5[:mOe_Dw, 
400, Hi, Morrill, Israel, 867-6426, hmorrillanos@hotmail.it, 374502734, R{_N\-2-aaj:QBO, 
401, Maurita, Fasham, Pakistan, 219-1278, mfashamlanos@yandex.ru, 840307084, 1[{{H_90LO*yQF, 
402, Leora, Olenikov, Antigua and Barbuda, 867-4408, lolenikovnos@yahoo.com.sg, 359877624, <<)3wYNf, 
403, Franny, Leidecker, Tajikistan, 270-1235, fleideckeros@t-online.de, 657189375, *$Z>0d{r, 
404, Gregory, O'Neill, Armenia, 908-2032, go'neilleros@aol.com, 970195809, MIb(2I, 
405, Mannie, Aartsen, Luxembourg, 219-2375, maartseneros@mail.com, 597799367, -}4KHYJ_M6xBKHL`, 
406, Aggie, Smeal, Côte d'Ivoire, 997-4234, asmealeneros@facebook.com, 678894818, ;Cg>>[e, 
407, Winne, Mather, Equatorial Guinea, 270-6009, wmatherneros@gmail.com, 163878539, Erko;Skhg0]X, 
408, Guy, Gueny, Iraq, 209-4380, gguenyrneros@hotmail.com, 224641629, 6N+lWo(Ud!~D.k, 
409, Kellia, Hundal, Slovenia, 429-7712, khundalneros@ig.com.br, 102990173, 4J1#U7yI[K2!, 
410, Elvin, Duddin, Ghana, 925-4989, eduddinneros@yahoo.it, 175830465, 4W^b;8|"ra`A-, 
411, Cornelius, Leipelt, Palestine State, 429-3636, cleipelteros@live.com.au, 920916090, W9[*~53I(F"fC, 
412, Rhoda, De Ruggero, South Africa, 925-9666, rde ruggeros@chello.nl, 718962500, I^FE;:&9q\R|R, 
413, Moe, Khomishin, Afghanistan, 219-6838, mkhomishinos@sky.com, 525599258, nG9)#OYx, 
414, Butch, Bedburrow, Jamaica, 908-8944, bbedburrowos@wanadoo.fr, 410111427, `X]MVJ]mKeNTiK, 
415, Sharon, Keam, Bhutan, 997-9993, skeamurrowos@freenet.de, 732984672, ="DIN@U5BPl, 
416, Jacinta, Gothliff, Saudi Arabia, 219-4704, jgothliffwos@skynet.be, 755655117, O}_y\3\YV-`.H?, 
417, Bertina, Chidwick, South Africa, 908-8417, bchidwickwos@msn.com, 699901625, +I+*?oT, 
418, Zsazsa, Kaindl, Yemen, 908-7764, zkaindlckwos@hotmail.es, 983612596, AYVMUc0/, 
419, Peter, D'Almeida, Slovenia, 429-9845, pd'almeidaos@mac.com, 322193368, ?+;HIF{]~%Rmgl, 
420, Maddie, Barritt, Ireland, 925-5113, mbarrittdaos@blueyonder.co.uk, 419117174, _M%#|h7^yUhO, 
421, Kerby, Farrow, Nicaragua, 444-1927, kfarrowtdaos@hotmail.de, 116406904, 8;I@D+:4Zw4:, 
422, Fleming, Henner, Iraq, 270-4196, fhennertdaos@yahoo.co.uk, 310488116, C$:Z6J, 
423, Giulio, Caddy, Iraq, 270-3739, gcaddyrtdaos@aol.com, 448681806, K<'!i`w|zWj, 
424, Evania, Jorez, Croatia, 997-4509, ejorezrtdaos@hetnet.nl, 775279239, E=#nG]b$t, 
425, Felike, Haney, Bahrain, 444-2361, fhaneyrtdaos@gmx.net, 907069883, >"SSX>&'^+n%(, 
426, Alverta, Siemandl, Nigeria, 209-2319, asiemandlaos@yahoo.ca, 896348687, *Js?!b, 
427, Leonardo, Rumford, Côte d'Ivoire, 429-3879, lrumfordlaos@uol.com.br, 990001206, E9)e2MT7T0z3Ah9u, 
428, Horst, Mussared, Burkina Faso, 270-3465, hmussaredaos@yahoo.com.mx, 935914085, lwM=dH@EzH+G0_wc, 
429, Glyn, Gregorin, Bulgaria, 867-4903, ggregorinaos@sympatico.ca, 111241979, '5s"+;)vM, 
430, Vin, Pane, Iceland, 997-6501, vpaneorinaos@zonnet.nl, 873836432, {t{[l`, 
431, Gregory, Lippett, Uruguay, 925-1333, glippettnaos@mail.com, 817574872, Bmf]w<!+hp, 
432, Yorke, Blanden, Greece, 444-1169, yblandennaos@mail.com, 271426428, !Lw(Gv#9t, 
433, Chuck, Schaffel, Belarus, 209-3994, cschaffelaos@gmail.com, 575597582, 5$*?k53;, 
434, Irvine, Baudinelli, Honduras, 925-1076, ibaudinellis@hotmail.es, 159083031, U&RfB&\Qs+R?G, 
435, Dalli, Sharpus, Syria, 444-4607, dsharpusllis@rocketmail.com, 200645818, Iw-Y:+9, 
436, Anne, Dightham, Bosnia and Herzegovina, 398-9757, adighthamlis@yahoo.co.uk, 524361823, R+U`6(!, 
437, Hussein, Minet, Guinea, 908-4737, hminethamlis@windstream.net, 520756122, $gg0A<Ts, 
438, Garrek, Chrystie, Burkina Faso, 429-5182, gchrystielis@hotmail.de, 292566586, lnvM?9M6/J, 
439, Nial, Randall, Dominica, 925-7873, nrandallelis@free.fr, 691600940, `e%OY8F.M~H2A5;, 
440, Bondon, Parsley, Kyrgyzstan, 997-4229, bparsleyelis@rocketmail.com, 704209675, HB&qq0Zl0^=i2, 
441, Valli, Hambidge, Spain, 444-2672, vhambidgelis@yahoo.co.uk, 339892379, yimLN3{]ZC~`O+*, 
442, Aggie, Bulloch, Equatorial Guinea, 444-3865, abullochelis@ntlworld.com, 675369028, H0*l#2, 
443, Natala, Minet, Cuba, 209-1567, nminetchelis@facebook.com, 128275860, \]huX8"b[58]JV, 
444, Dun, Borres, Tanzania, 270-8829, dborreshelis@att.net, 132601412, []kqNypP&M., 
445, Derward, Slott, Oman, 867-9498, dslottshelis@yandex.ru, 354256271, 6YXlePrT->JPx)V&, 
446, Friedrick, Turle, Morocco, 429-9704, fturleshelis@bigpond.net.au, 467843188, !O~yMzmcTFPT2]C>, 
447, Michael, Feldman, Uruguay, 997-7882, mfeldmanelis@hotmail.es, 363732120, 1p(#NVai@, 
448, Kristyn, Peyes, Slovakia, 398-5888, kpeyesanelis@ymail.com, 435936515, VS]Nu7J, 
449, Boigie, Lowe, South Korea, 270-8924, blowesanelis@wanadoo.fr, 714438038, ^zgHQc2^04Uz::, 
450, Tatiana, Dominicacci, Argentina, 398-8322, tdominicacci@planet.nl, 937989741, {1\+d0}J*xLQd, 
451, Bernette, Giblin, Croatia, 908-7060, bgiblincacci@frontiernet.net, 657082379, rwh}e)qdx0`Dkj*6, 
452, Giulio, Dudderidge, Benin, 398-7094, gdudderidgei@live.fr, 785860279, l'SxEv!Ro%Po-\T, 
453, Guthrey, Richardson, Sierra Leone, 398-1932, grichardsoni@gmail.com, 584698506, Yvao2RkuYqJSQ, 
454, Rhys, Sauvan, Eritrea, 925-6965, rsauvandsoni@comcast.net, 169406543, KEtR0sDe|f?, 
455, Wyatt, Borres, Romania, 997-5184, wborresdsoni@juno.com, 528228669, 'y\qVK1, 
456, Avivah, Slogrove, Bolivia, 997-5021, aslogroveoni@bigpond.net.au, 330275515, 7a0uG-\!;, 
457, Bing, Varndell, Greece, 270-5664, bvarndelloni@live.it, 671019486, &"W[f#, 
458, Atalanta, Savaage, Bulgaria, 270-8731, asavaageloni@optonline.net, 152183675, R8JH_p&, 
459, Becky, Felipe, Djibouti, 908-6305, bfelipeeloni@mail.com, 518859551, @h0AZjC]|{x"zy, 
460, Moe, McIlvenna, Equatorial Guinea, 209-5805, mmcilvennani@live.nl, 230273655, O}u0Bu, 
461, Auria, Stagge, Libya, 867-8184, astaggennani@comcast.net, 159070999, 7bF4^?5tT, 
462, Sheffield, Romagnosi, Belarus, 429-2180, sromagnosini@hotmail.it, 247772071, Pf<_)2iNMN[xm, 
463, Farley, Blackhurst, Georgia, 398-3347, fblackhursti@yahoo.in, 832185143, ?33dh\%NE, 
464, Pierrette, Jerke, Sudan, 444-4754, pjerkehursti@frontiernet.net, 192520269, 8^d.WSlf?, 
465, Ann-marie, Shimman, China, 867-3174, ashimmanrsti@alice.it, 326719938, B~Z`h:*"`nyJ, 
466, Valentine, Summerill, Equatorial Guinea, 925-7183, vsummerillti@ig.com.br, 359299706, 18==v@'-|>+Y=d, 
467, Tedd, Greystock, Trinidad and Tobago, 997-6865, tgreystockti@hotmail.es, 591829160, ]Mfsv}vt/0, 
468, Worth, Byrnes, Bolivia, 219-6574, wbyrnesockti@shaw.ca, 367147774, q^apw=, 
469, Karoly, Izachik, Kyrgyzstan, 867-9004, kizachikckti@optonline.net, 614916418, P+\HCS=lbiR$V, 
470, Keene, Thunnerclef, Palestine State, 925-2242, kthunnerclef@tiscali.it, 265356489, 2|Ygu2Q_Hf0SCq1v, 
471, Thaddus, Lockless, Bahrain, 997-5824, tlocklesslef@googlemail.com, 306757944, }^m[3h+D!}, 
472, Sibilla, Giblin, Netherlands, 925-3409, sgiblinsslef@yahoo.com, 387383561, `<qqM<, 
473, Egor, Cino, Afghanistan, 270-4050, ecinoinsslef@hotmail.de, 593262520, LkH^Tm=T'cdQZT, 
474, Ferdinand, Blundin, Cambodia, 925-8840, fblundinslef@yahoo.com.mx, 899717041, `<NJt=8r*dxlCMt, 
475, Dorene, Walstow, Australia, 398-9016, dwalstowslef@laposte.net, 560424424, G(]fL#4>}i(, 
476, Evangelin, Gyde, Belgium, 270-9753, egydetowslef@tiscali.co.uk, 716096358, U#NJ|%_[ZGt, 
477, Dinnie, Bembrigg, Democratic Republic of the Congo, 908-9823, dbembrigglef@tiscali.it, 882712023, ;v(BY!, 
478, Kelley, Ellyatt, Oman, 867-5950, kellyattglef@yahoo.co.id, 177233336, p$$tb_OEnNg&n, 
479, John, Walesby, Chile, 209-8011, jwalesbyglef@club-internet.fr, 330813938, 9l6Bs~{>2lA5|>, 
480, Brittaney, Quinevan, Finland, 444-3516, bquinevanlef@bigpond.net.au, 222522636, W?'#veS9, 
481, Tris, Johantges, El Salvador, 219-5362, tjohantgesef@windstream.net, 193820606, vmSG&pU'nSVnotFJ, 
482, Mick, Petruska, Monaco, 209-5557, mpetruskasef@libero.it, 326147997, \nt7T[/fc{.$, 
483, Roarke, Ayce, Haiti, 429-2040, rayceuskasef@terra.com.br, 225612439, nF@j)ze, 
484, Kendrick, Brinsden, United Arab Emirates, 997-2297, kbrinsdensef@wanadoo.fr, 411567971, WjR>NNekUc1fho, 
485, Correy, Bowden, Somalia, 209-5365, cbowdenensef@yahoo.it, 981039392, JCJDC=G9`~$3WlzX, 
486, Sisile, O'Fogerty, Syria, 270-5196, so'fogertyef@gmx.de, 844291980, cmD{Rr17P, 
487, Curt, Tracy, Luxembourg, 444-8190, ctracyertyef@arcor.de, 167844197, JAs7VL+B#, 
488, Giulio, McSporon, Greece, 925-5776, gmcsporonyef@yahoo.co.in, 595571137, <u]fH.A>, 
489, Merry, Dockrell, Nauru, 908-8349, mdockrellyef@mail.ru, 250848205, &^Xkhz), 
490, Renata, Bambrugh, Andorra, 997-4767, rbambrughyef@tiscali.it, 158044526, Y=)@~Qz=, 
491, Aloysia, Forder, Nigeria, 925-7551, aforderghyef@mail.ru, 232649716, /"&y&;=Q+!S@, 
492, Allyson, Simond, Honduras, 867-9228, asimondghyef@aim.com, 668719216, ygng7f8aotI, 
493, Shandy, Blankett, Zambia, 429-2140, sblankettyef@neuf.fr, 695439124, /ioN)iT:<}')wmv, 
494, Kiah, Kuhnt, San Marino, 925-2840, kkuhntettyef@facebook.com, 192670086, !82gg6Q%^;sH], 
495, Andrey, Niezen, Cuba, 209-2896, aniezenttyef@juno.com, 366080830, 'NBEFT_, 
496, Salmon, McKeefry, El Salvador, 444-9729, smckeefryyef@yahoo.com.au, 260256975, &z4cP(/:CAhqs@:y, 
497, Joshia, Cino, Uruguay, 925-1194, jcinoefryyef@att.net, 267020934, [>MJ#vO|+NNLYve, 
498, Franny, Manning, Bahrain, 429-9249, fmanningyyef@uol.com.br, 744183718, w:xFdL#, 
499, Myrta, Wheowall, Ukraine, 444-3290, mwheowallyef@gmx.de, 850184072, t)iCT], 
500, Ettie, Twentyman, Kazakhstan, 270-2452, etwentymanef@telenet.be, 384261667, ['@1:ete#5(], 
501, Xever, Brigstock, Switzerland, 997-8033, xbrigstockef@ntlworld.com, 245760099, Cupve!9$9~, 
502, Trish, Whife, Belarus, 270-8121, twhifetockef@frontiernet.net, 684350766, [Sd|K!p;;;!\, 
503, Idalia, Flode, Morocco, 997-2138, iflodetockef@optonline.net, 442751403, V/l#>.l], 
504, Felix, Aleksankin, Saint Vincent and the Grenadines, 925-2323, faleksankinf@yahoo.ca, 402336386, -fra#r>jPE%, 
505, Wallas, Whelband, Botswana, 209-6405, wwhelbandinf@earthlink.net, 139496389, kY^m3&f?2\1XC, 
506, Lilas, McKeand, Hungary, 444-5660, lmckeanddinf@live.nl, 940528221, oev+qGmP4TV, 
507, Scotti, Scurlock, Montenegro, 209-5038, sscurlockinf@cox.net, 212645538, <%W_Cp?mbi, 
508, Hillel, June, Turkmenistan, 429-1115, hjunelockinf@live.com, 564072606, mh\{p+t], 
509, Erhart, Hoggin, Belize, 867-8705, ehogginckinf@mail.com, 682637607, ?o%<Ym8Nq+hM^VrG, 
510, Ella, Smickle, Botswana, 398-9402, esmicklekinf@yahoo.es, 241762344, 2E&Yt;, 
511, Rinaldo, Jamieson, United States of America, 444-6420, rjamiesoninf@skynet.be, 382524777, 9pE!i6, 
512, Edmund, Eskell, Zambia, 398-1064, eeskelloninf@aim.com, 404979569, j4CurHP$cb#=2, 
513, Phineas, Selwin, Iran, 429-3471, pselwinoninf@mac.com, 826186952, mI`:-]RaXcL'(]y, 
514, Amby, Woodland, Bhutan, 209-5233, awoodlandinf@tiscali.it, 195630889, K?OSpS!^[I@, 
515, Jerad, Gooddie, Afghanistan, 997-6610, jgooddiedinf@comcast.net, 325228721, uguok>(Tc\s;(3, 
516, Shanon, Emmanuele, Hungary, 219-2751, semmanuelenf@msn.com, 455366070, =BcT?PD~, 
517, Lola, Schoenrock, Vietnam, 444-7827, lschoenrockf@skynet.be, 100529168, [7COkd{UYU.iRZC*, 
518, Antoine, Yushmanov, Jamaica, 444-4943, ayushmanovkf@tin.it, 269513620, +poi]]Q://$y/;P, 
519, Eleanora, Greenhowe, Equatorial Guinea, 270-6337, egreenhowekf@yahoo.com, 499435744, %jwt\NdRXU, 
520, Marve, Feaster, Guyana, 908-4800, mfeasterwekf@yahoo.co.in, 344471694, &^eZ/hJATA, 
521, Lindsay, Struis, Vanuatu, 429-4092, lstruisrwekf@uol.com.br, 789050293, f(L@vC|+w-\bM;c, 
522, Rockie, Bowden, Dominica, 908-7884, rbowdenrwekf@tin.it, 111431447, 954<gpzO3an*&, 
523, Scotti, Slogrove, Morocco, 398-3532, sslogroveekf@bigpond.net.au, 439243468, IqKG>8eYEMqsz/\k, 
524, Honoria, Chastel, Bahrain, 209-4260, hchasteleekf@bigpond.com, 343447997, q]fglt6#p], 
525, Mirabel, Angrove, Malawi, 925-4062, mangroveeekf@yahoo.fr, 204054136, 'OS-.^F4., 
526, Loren, Gyde, Bahamas, 429-3492, lgydeoveeekf@bellsouth.net, 791547053, >#*@r", 
527, Barrie, Dexter, United States of America, 908-3594, bdextereeekf@yandex.ru, 474787754, +9bRG[wthz%Ko, 
528, Barnard, McEwen, Suriname, 219-6950, bmceweneeekf@freenet.de, 987780128, vo#HOK`S6oxh, 
529, Matthus, Rexworthy, Niger, 398-7389, mrexworthykf@planet.nl, 137776266, D[HOO/x, 
530, Eleanora, Merrall, South Sudan, 925-9885, emerrallhykf@comcast.net, 999363308, &P3se=lhnR470mG, 
531, Jacqueline, Skym, South Sudan, 270-5904, jskymallhykf@planet.nl, 471651863, LQt5[f}.', 
532, Darb, McGinlay, Papua New Guinea, 270-5547, dmcginlayykf@centurytel.net, 315420507, Se7bm], 
533, Lyle, Manssuer, Ecuador, 209-9030, lmanssuerykf@yandex.ru, 413643974, v}(YmEf0.A, 
534, Prentiss, Marvell, Saint Vincent and the Grenadines, 209-1897, pmarvellrykf@yahoo.it, 919299353, N\7A&&6njb"{`)C, 
535, Norry, Blasing, Marshall Islands, 908-5413, nblasingrykf@centurytel.net, 533666794, '.+OEiw, 
536, Billy, Seer, Peru, 219-9005, bseeringrykf@yahoo.co.id, 230216735, =]4XY/{7HH, 
537, Peggi, Jedryka, United States of America, 270-5976, pjedrykarykf@orange.fr, 346288216, r~Ev2Rq[, 
538, Wendy, Glastonbury, Brunei, 209-1224, wglastonbury@tin.it, 996334796, :JgP`Jw, 
539, Salmon, Huonic, Slovakia, 398-9728, shuonicnbury@optusnet.com.au, 194144490, `#X4s49", 
540, Boycey, Jurgensen, North Korea, 219-3027, bjurgensenry@hotmail.co.uk, 176444722, <>-e7'HLccJo~U, 
541, Hermina, Demoge, Lebanon, 429-1574, hdemogesenry@aol.com, 817590072, gYrH.sa6@|Sf}%, 
542, Norry, Hemms, Georgia, 867-2329, nhemmsesenry@yahoo.co.id, 471752385, QpXC_!D{aFpn, 
543, Gabby, Wheatland, Bangladesh, 219-7737, gwheatlandry@orange.fr, 943575178, ?!'FaW1@R, 
544, Vin, Barnsdall, Switzerland, 429-6032, vbarnsdallry@yahoo.com.br, 554911079, @SmeDvm\tr+, 
545, Enrichetta, Eingerfield, Guatemala, 925-9781, eeingerfield@yahoo.com.mx, 162156407, $\Mpbe/?p+, 
546, Arch, Yeomans, Sao Tome and Principe, 398-8009, ayeomansield@yandex.ru, 405466004, S|FF(/VN5g_a/}X[, 
547, John, M'Quharge, Suriname, 209-9251, jm'quhargeld@hotmail.co.uk, 313637808, }Bf=()mZ@5;bCq1W, 
548, Siobhan, Murty, Austria, 209-5998, smurtyargeld@wanadoo.fr, 728045483, anJVV(tnI[FP}5EY, 
549, Minny, Nowak, Barbados, 997-1161, mnowakargeld@yahoo.fr, 772954068, Vf|_.up, 
550, Vergil, Locker, Kazakhstan, 429-9261, vlockerrgeld@planet.nl, 519125765, 'e&p}TQW8, 
551, Reeta, Alu, Iran, 908-9190, ralukerrgeld@yahoo.co.in, 919696777, RK+y\6$\k9MH(GN(, 
552, Maxine, Mather, Lithuania, 219-3508, mmatherrgeld@yahoo.it, 471634144, kaEEMrU~Xy4O17, 
553, Siobhan, Di Pietro, Italy, 219-3338, sdi pietrold@optonline.net, 292526049, 4<#:q.3, 
554, Malissa, Pinch, Guyana, 270-6038, mpinchetrold@yahoo.com.sg, 593556682, NB*HUYr(~np.N|{, 
555, Gerladina, Mordy, Canada, 444-8831, gmordyetrold@uol.com.br, 241809167, YYK58*XhW5q~je, 
556, Karney, Grenville, United States of America, 219-1273, kgrenvilleld@tin.it, 416296609, Dt{2(ao, 
557, Emiline, Crebbin, Brazil, 270-5135, ecrebbinleld@hotmail.com, 567845681, kU;!bU&bb2bxdEx5, 
558, Dalenna, Battye, Tunisia, 925-4706, dbattyenleld@windstream.net, 367965515, Vi|2|%thtKhq!nT, 
559, Nial, Shimman, Tunisia, 270-2013, nshimmanleld@optusnet.com.au, 645310485, zM413[QY2;pC8uS, 
560, Reinald, Koenraad, Ireland, 270-3232, rkoenraadeld@live.it, 733915982, 6b|`{0&!+l4V~n(, 
561, Jobina, Glazyer, Morocco, 867-4918, jglazyerdeld@bol.com.br, 321486729, IyJfpbsV3pns(, 
562, Katherina, Ferbrache, Latvia, 444-6641, kferbracheld@web.de, 992132271, E;G`2FZ@;'hO, 
563, Peggi, Olenikov, Vanuatu, 270-5533, polenikoveld@ymail.com, 200375786, !op}>xAXOU-s+, 
564, Glyn, Randall, Guinea, 270-5207, grandallveld@frontiernet.net, 183913488, `:<KsjD&f, 
565, Dasi, Mebius, Mozambique, 997-3608, dmebiuslveld@live.fr, 932106133, "FO.;s6+1Jn)O?$h, 
566, Christopher, Kerman, China, 925-5203, ckermanlveld@optusnet.com.au, 233319862, W881F0+Go, 
567, Bendix, Brodbin, Afghanistan, 908-9060, bbrodbinveld@blueyonder.co.uk, 241399827, Xp9ws<mvMN, 
568, Gnni, Gollin, Argentina, 925-7436, ggollinnveld@ntlworld.com, 979165525, R9-4*;=h=[Sj_uw>, 
569, Jillayne, Blankett, Moldova, 908-3512, jblanketteld@live.ca, 390283398, NoRZyTGMztpP, 
570, Will, McKeefry, South Africa, 867-4421, wmckeefryeld@outlook.com, 770313062, %6q)c|%_W=, 
571, Siouxie, Ronchka, Armenia, 997-5735, sronchkayeld@yandex.ru, 863460503, nMl`}9;'[bN^6, 
572, Basia, McAusland, Bolivia, 398-1279, bmcauslandld@windstream.net, 420757938, v7HQ^of!BD+o1, 
573, Nessi, Eastby, Yemen, 908-9943, neastbyandld@yahoo.it, 511824334, 98JGZ&9y~, 
574, Cesare, Nardoni, San Marino, 997-2567, cnardonindld@live.it, 669055179, Jy#n%3s-u4UPPMhh, 
575, Sheridan, McKiddin, Morocco, 444-9100, smckiddindld@laposte.net, 678884665, |!QYJD, 
576, Gaspar, Lauks, Eswatini (fmr. "Swaziland"), 925-7850, glauksdindld@mail.ru, 216835481, %wAZHq(Lt}1, 
577, Celie, Pilpovic, North Korea, 997-4934, cpilpovicdld@neuf.fr, 183866662, }O~Bg/, 
578, Sharon, Petry, Montenegro, 219-1901, spetryvicdld@yahoo.com.au, 394300935, 1'w=HD2`o, 
579, Leila, Caddy, Angola, 444-3884, lcaddyvicdld@ntlworld.com, 639646991, /<aj$+;ZRG, 
580, Rance, Shank, Paraguay, 908-7007, rshankvicdld@yahoo.in, 872717349, [~T<nlKl}s}PW, 
581, Cortney, Pape, Botswana, 444-1971, cpapekvicdld@charter.net, 289763596, KI2'WYrjy6G4&b, 
582, Bevvy, Hickenbottom, Laos, 219-1408, bhickenbottom@tiscali.co.uk, 245973061, /i||7C[9B'an, 
583, Caddric, Dowgill, Nigeria, 908-7527, cdowgillottom@googlemail.com, 840698607, oob-{F7, 
584, Rianon, Bartolozzi, Cambodia, 925-7007, rbartolozziom@yahoo.co.jp, 681030215, rr:P@)?M[, 
585, Jobina, Lidden, Laos, 908-2852, jliddenozziom@web.de, 758818427, wuX>-5VdM9B9v52, 
586, Janella, Dexter, Netherlands, 398-9998, jdexterozziom@bol.com.br, 818004486, ;TJ'hMb`], 
587, Red, Wheatland, Monaco, 908-3100, rwheatlandiom@qq.com, 395684475, Fj;t1Lj(8hVQCBk2, 
588, Raf, Matresse, Sweden, 270-6302, rmatressediom@sky.com, 262057539, 0QI:ozwPe3EuxK8, 
589, Elyn, Graveson, Afghanistan, 867-6210, egravesondiom@hotmail.co.uk, 912378612, R08A9.(, 
590, Rufus, Bromidge, Japan, 270-4045, rbromidgediom@mail.com, 545912263, 3VPrfc>~tQ, 
591, Chuck, Borthram, Egypt, 209-3870, cborthramdiom@orange.fr, 469949465, v6<?>411, 
592, Jeremy, Casper, Lebanon, 429-5046, jcasperamdiom@yahoo.co.in, 209672009, N8DkQ9Xs+za}t=<(, 
593, Conny, Bills, Norway, 398-7890, cbillsramdiom@att.net, 161426567, Ido>&Z}TqCZC, 
594, Elvin, Challace, Saint Kitts and Nevis, 867-8075, echallacediom@bigpond.net.au, 193360808, jnE=G@bg2}vt|, 
595, Myrah, Volant, El Salvador, 219-8441, mvolantcediom@live.ca, 456529569, fG!xw;Bnyu]YN?, 
596, Torrence, Kiledal, Uganda, 908-1526, tkiledalediom@live.com.au, 316194002, Thb1PnysUA/, 
597, Rip, MacQuist, Bhutan, 398-6032, rmacquistdiom@sfr.fr, 507213474, K3X&-$Rf^(G, 
598, Rozanna, Kehri, Slovenia, 925-6159, rkehriistdiom@terra.com.br, 516988559, >4^'gCLa1&Q[, 
599, Irvine, McClinton, Cuba, 429-8501, imcclintoniom@sbcglobal.net, 479899975, e9pxDPX:}, 
600, Timmy, O'Fogerty, Iran, 219-6386, to'fogertyiom@rocketmail.com, 519037682, *CPI/aS(A7IR, 
601, Guillema, Angrove, Mongolia, 209-8777, gangrovetyiom@earthlink.net, 141566444, ~;`$qZeO<&X^U"m, 
602, Joletta, Kettell, Mongolia, 925-9576, jkettelltyiom@live.com, 264567142, ltMYRL1gK, 
603, Constancia, Locard, Tonga, 429-5643, clocardltyiom@ntlworld.com, 663106724, SxSC6[?47, 
604, Lian, Stowgill, Samoa, 429-9594, lstowgillyiom@comcast.net, 773775188, %$.5jrzM\lj+s_xl, 
605, Melessa, Lucien, Burundi, 219-2091, mlucienllyiom@charter.net, 705251896, >brQsDM3Gtb2, 
606, Sax, Catford, Poland, 219-1299, scatfordlyiom@yahoo.com.br, 259019992, D|`VS|^INb, 
607, Cirstoforo, Whistan, New Zealand, 398-3113, cwhistanlyiom@mail.ru, 355366074, "qx}>{u7Zu6, 
608, Rica, Whelband, Ethiopia, 444-6817, rwhelbandyiom@hotmail.it, 429840897, CH0A\z"cRUIq, 
609, Elvin, Harty, Grenada, 429-2039, ehartyandyiom@live.com, 831971138, vuZUyNfC4K, 
610, Cassey, Memory, Singapore, 429-8936, cmemoryndyiom@yahoo.de, 423629436, M7#u)sK.}>, 
611, Alissa, Brecon, Liberia, 867-6205, abreconndyiom@earthlink.net, 755254268, j2f9\', 
612, Barbey, Pirkis, Libya, 398-5766, bpirkisndyiom@home.nl, 393212741, OQ1WE[~C4c[u%jL, 
613, Maryjo, Dalla, Ghana, 209-5356, mdallasndyiom@wanadoo.fr, 664758910, s]P02h]28/]nm9*, 
614, Kirby, Sauvan, Saint Vincent and the Grenadines, 925-2044, ksauvanndyiom@zonnet.nl, 261709050, v<ur2_fHSEwb, 
615, Hans, Pennell, China, 997-4776, hpennelldyiom@laposte.net, 596970910, r4G>zN_, 
616, Ugo, Pane, Moldova, 444-3480, upaneelldyiom@hotmail.de, 145075106, T(`7Z@IX, 
617, Brook, Dyers, Benin, 925-5341, bdyerslldyiom@outlook.com, 874199113, +A>IV')c70z=RB, 
618, Maddie, Tappor, Kazakhstan, 398-9756, mtapporldyiom@yahoo.com.mx, 767508611, 2cFEv~, 
619, Roxy, Westrope, Samoa, 997-4889, rwestropeyiom@me.com, 173962720, US`kcu)6RZWQ(Io, 
620, Yancy, Lambkin, Tuvalu, 867-3741, ylambkineyiom@shaw.ca, 326214507, Wm"?4OiJ?XEE<, 
621, Waite, Egglestone, Madagascar, 209-9224, wegglestoneom@hotmail.it, 347483752, (cXQ~1\yxgQf$, 
622, Benyamin, Benard, Burkina Faso, 209-4610, bbenardtoneom@hotmail.co.uk, 490266348, Q>0:+Rv#F[*D, 
623, Amy, Orriss, Uruguay, 429-4650, aorrisstoneom@bluewin.ch, 566178007, CZqNn_x$, 
624, Hedwiga, Etuck, Vanuatu, 867-1129, hetuckstoneom@yahoo.com.ar, 597645754, ?$`d_&C/z!m#q, 
625, Ginevra, Dwyer, Grenada, 908-9684, gdwyerstoneom@terra.com.br, 777666622, vH/q&fFqr, 
626, Stormy, Borkett, Fiji, 997-4242, sborkettoneom@att.net, 594200775, };lk=^M//grG, 
627, Sunny, Conahy, Kuwait, 398-6063, sconahytoneom@live.com.au, 181430985, =S0gc03T5~RO(?, 
628, Clywd, Swanton, Denmark, 908-3082, cswantononeom@ig.com.br, 687374168, PsHZm.iN9A<H*~, 
629, Doti, Pendrey, Holy See, 908-2012, dpendreyoneom@windstream.net, 913797748, _x3!/[), 
630, Vivi, Prandini, Antigua and Barbuda, 908-3876, vprandinineom@alice.it, 346532239, R{TrR87Q, 
631, Madison, Hambidge, Grenada, 209-6317, mhambidgeneom@aol.com, 325779365, @Q<@zwHgD<, 
632, Elna, M'Chirrie, Saint Vincent and the Grenadines, 429-1196, em'chirrieeom@bol.com.br, 362952622, cx05J:, 
633, Elinor, Wormstone, Estonia, 429-3560, ewormstoneeom@bellsouth.net, 907091455, Z*ARR)1)jbF6k{\, 
634, Hakeem, Winsborrow, Indonesia, 925-5331, hwinsborrowom@yahoo.com.au, 131551004, YJ_$$9mIrvi_c-, 
635, Esdras, Nowak, Lithuania, 444-5358, enowakorrowom@comcast.net, 554841266, >X]H2k|ZRV?LY, 
636, Noach, Sallery, India, 925-4264, nsalleryrowom@sky.com, 222070189, =8[DdcpWTd02, 
637, Milton, MacConnal, Kyrgyzstan, 209-5478, mmacconnalwom@live.fr, 825676132, 7nMzPnm*y, 
638, Byrom, Cahalin, Kuwait, 429-4286, bcahalinalwom@facebook.com, 153106823, WjJV5[b, 
639, Moe, Furmenger, Papua New Guinea, 398-4801, mfurmengerwom@free.fr, 572843637, ExDugL~{'`IVesi, 
640, Jarret, Petchell, Eritrea, 997-9875, jpetchellrwom@verizon.net, 289839285, r*[O<2zdW/Cg, 
641, Bree, Kobel, Guinea, 398-2905, bkobelellrwom@live.nl, 586604393, HKj%KYDg\@", 
642, Steven, MacLice, Kuwait, 867-7954, smaclicelrwom@terra.com.br, 614242453, yw'a*1, 
643, Ezri, Brandin, Democratic Republic of the Congo, 444-7535, ebrandinlrwom@alice.it, 220781428, Gq}!7!vp<an, 
644, Levon, Martugin, Palau, 398-8680, lmartuginrwom@uol.com.br, 164988827, -3d>u6x, 
645, Mariellen, O'Quin, Georgia, 219-9629, mo'quininrwom@facebook.com, 684467830, 9M+0XGGsA, 
646, Jacinta, McGinlay, Singapore, 867-6928, jmcginlayrwom@yahoo.com, 654040354, 4~$I4?M%HX<, 
647, Maryjo, Shank, Mauritius, 398-4903, mshanklayrwom@tin.it, 275541144, +E]es), 
648, William, Sauvan, Finland, 429-5960, wsauvanayrwom@optusnet.com.au, 695383071, 4u>l]B, 
649, Fraze, Jasiak, Hungary, 270-5562, fjasiakayrwom@hotmail.it, 522343341, f9@-]8ql@, 
650, Morris, Loxton, Guyana, 209-4106, mloxtonayrwom@yahoo.com.sg, 132913203, <l%)JaX, 
651, Mechelle, Nacey, Israel, 997-6600, mnaceynayrwom@yahoo.ca, 474942960, 9XP2pB}K9N*c+2Zp, 
652, Hamnet, Henkmann, Nepal, 270-4241, hhenkmannrwom@live.com.au, 870195800, e0NC1f, 
653, Laurice, Le Marquand, Philippines, 429-5638, lle marquandm@freenet.de, 752322823, 1-B:oLfJ=OL@7X%<, 
654, Hedwiga, Male, Gambia, 997-2500, hmalearquandm@tiscali.it, 688039530, w|Vkpfw3<#x=, 
655, Jesselyn, Henner, Democratic Republic of the Congo, 398-5575, jhennerquandm@gmx.net, 320263048, d^b4c]qO@5tR3e>, 
656, Leanor, Kenwrick, Libya, 444-8521, lkenwrickandm@free.fr, 539048686, S4E_dk#nP, 
657, Conny, Carmel, Poland, 209-1851, ccarmelckandm@zonnet.nl, 203790764, @$<RhsoOEZ, 
658, Constancia, Yeomans, Japan, 908-6888, cyeomanskandm@me.com, 153339042, Qqb@\Dp[$:fL>'O, 
659, Albertine, Keetch, Argentina, 444-4405, akeetchskandm@yahoo.co.jp, 949061430, )sLOs9USia6D, 
660, Lindsay, Tappor, Timor-Leste, 867-2783, ltapporskandm@aol.com, 852191652, A<-50x8H6^<>Rh(, 
661, Maxine, Bilovsky, Iran, 270-2433, mbilovskyandm@ymail.com, 998269613, 2YM_jPtc-, 
662, Mannie, Thraves, Uzbekistan, 444-3865, mthravesyandm@live.it, 430400594, RYq?By!]O|~4zK(, 
663, Jeremy, Salsberg, Denmark, 429-1127, jsalsbergandm@arcor.de, 189342100, 6`i:S(m@, 
664, Braden, Howsley, Israel, 997-4556, bhowsleygandm@yahoo.co.uk, 473240240, c2~2-JT, 
665, Eula, Callingham, Finland, 270-7773, ecallinghamdm@hotmail.es, 386990372, #f$WTEE0&, 
666, Justin, Flann, Italy, 997-2867, jflannnghamdm@bigpond.com, 729073957, gOMs5"b%|, 
667, Rriocard, Tappor, Turkey, 925-1039, rtapporghamdm@sfr.fr, 655324310, x@+XOKxr(.KxCf, 
668, Jayson, Langsdon, Croatia, 997-5527, jlangsdonamdm@yahoo.in, 682512905, h7ml"P/l6B.Zzv@, 
669, Merry, Virgo, Gambia, 270-3422, mvirgodonamdm@aliceadsl.fr, 324223176, <(fFc7N^:~, 
670, Merilee, Leith, Democratic Republic of the Congo, 270-2812, mleithdonamdm@bigpond.com, 478141671, PBCHaQMDl|~, 
671, Lorne, Bettlestone, Andorra, 219-3530, lbettlestonem@live.com, 105643578, dd"dLC!|s)d<, 
672, Malinde, Varndell, Japan, 908-8599, mvarndellonem@cox.net, 158228073, Q!`9PQ[!hbgg, 
673, Monte, Wooff, Lebanon, 444-1233, mwooffellonem@hotmail.com, 535654103, ooVI1Od3xgsK#o, 
674, Belinda, Vallens, Nicaragua, 908-1831, bvallenslonem@arcor.de, 226565593, -9YXFf@Q<0Arrk\q, 
675, Correna, Franklin, New Zealand, 219-2626, cfranklinonem@uol.com.br, 332076427, }sHk8:A^, 
676, Andros, Richardson, Brunei, 209-9838, arichardsonem@charter.net, 802727241, V@EI-#UFrI, 
677, Leonard, Tether, Zambia, 867-5512, ltetherdsonem@mail.ru, 487425720, ]fN~F!5w41%3b, 
678, Tally, Denness, Morocco, 429-4460, tdennesssonem@live.co.uk, 402275019, RV.6JNg=b{, 
679, Laurice, Cornall, Timor-Leste, 867-4984, lcornallsonem@rambler.ru, 544681063, 4.@F5x4, 
680, Ahmed, Jellico, Lithuania, 997-1682, ajellicosonem@yahoo.com, 481847497, t6l\lOX, 
681, Frederigo, Whiffin, Singapore, 444-2084, fwhiffinsonem@outlook.com, 291156334, R[^xfrq5`, 
682, Savina, Birdall, Qatar, 429-7843, sbirdallsonem@frontiernet.net, 556525701, [URH%EIR}xT#G-, 
683, Claudia, Stainbridge, Senegal, 219-4631, cstainbridgem@yahoo.com, 394506782, Yrs4#ZYQP5A=, 
684, Roberta, Forsythe, Togo, 925-6212, rforsythedgem@alice.it, 242852509, {zrkRxmo, 
685, Nichols, Birdall, Dominican Republic, 209-2061, nbirdalledgem@wanadoo.fr, 442185639, +mCZ#dvyEs;, 
686, Aloysia, Wheowall, Lebanon, 429-3387, awheowalldgem@neuf.fr, 344940184, WxxHj[%jK, 
687, Wat, Ayce, United Arab Emirates, 219-2633, waycewalldgem@rocketmail.com, 239651408, E2$%@>u/HN4MO?%H, 
688, Stefano, Belham, Mauritius, 209-3844, sbelhamlldgem@yahoo.com.ar, 985785368, 8ve?X!I, 
689, Clo, Miell, Madagascar, 219-2209, cmiellmlldgem@yahoo.es, 265645050, M7Iye#9HU!, 
690, Zsazsa, McIlvenna, Madagascar, 444-4932, zmcilvennagem@wanadoo.fr, 244981554, G<(HdY011{6^3|0, 
691, Janenna, Ronchka, Namibia, 209-7748, jronchkanagem@yahoo.co.jp, 179222665, hLk3$3/RY, 
692, Brady, Dunderdale, Equatorial Guinea, 429-5294, bdunderdaleem@rambler.ru, 727646073, bE=tCL&:[9dN, 
693, Fleming, Deveraux, Ghana, 867-7472, fdeverauxleem@zonnet.nl, 215805878, q$=Wwr;F?, 
694, Esdras, Furmenger, Djibouti, 270-7256, efurmengereem@windstream.net, 363441410, 6L~iLM, 
695, Starlene, Desport, Bhutan, 209-6816, sdesportereem@wanadoo.fr, 968956932, m(`_~Tz_.EdI5'Y, 
696, Merry, Gheeraert, Sudan, 997-7365, mgheeraerteem@me.com, 294073005, ^jH2L*6V3=, 
697, Rozelle, Snasel, Congo (Congo-Brazzaville), 997-5252, rsnaselerteem@yahoo.co.uk, 541568044, zu7<i^!/(b<{r5, 
698, Shanie, O'Fogerty, Malaysia, 925-7604, so'fogertyeem@yahoo.ca, 530048492, 4U9ju[<]]8nsmr, 
699, Karel, Alu, Democratic Republic of the Congo, 209-8949, kaluogertyeem@hotmail.es, 245164646, (qxN@rDD:W, 
700, Sherwood, Feaster, Tuvalu, 209-5381, sfeastertyeem@msn.com, 314065570, Ky9}g(;ur.fQ, 
701, Malissa, O'Suaird, Niger, 908-9897, mo'suairdyeem@home.nl, 818365509, q4?_c)%!/iFD#, 
702, Lynsey, Stammer, Iceland, 867-7044, lstammerdyeem@chello.nl, 476950646, #p0gmBZJMf^lGiP, 
703, Guglielma, Rosina, Netherlands, 925-7274, grosinardyeem@cox.net, 910561456, *|m>9?xpBi!*X]}#, 
704, Prescott, Suggate, Singapore, 429-1395, psuggatedyeem@ntlworld.com, 196918466, (fn42F, 
705, Rosita, Hindge, Austria, 444-4452, rhindgeedyeem@yahoo.com.ar, 918109358, fFWgiJ_gLiMH{raw, 
706, Kirby, Hakey, Saint Vincent and the Grenadines, 219-6223, khakeyeedyeem@hotmail.de, 830900971, aZZoQy]RZO:, 
707, Minny, Mabb, Sudan, 444-1552, mmabbyeedyeem@yahoo.it, 225744456, 5=%-&m'w@MJPI, 
708, Mirabel, Ager, Fiji, 209-3831, mageryeedyeem@ig.com.br, 261734538, zw?s!SD, 
709, Tobias, Courtliff, United Arab Emirates, 925-9732, tcourtliffeem@gmx.de, 799647544, A9\mc-, 
710, Fanchette, Bartos, Cambodia, 444-4193, fbartosiffeem@yahoo.de, 824074333, Pg}*[+EIN, 
711, Vera, Gladdis, Marshall Islands, 908-4659, vgladdisffeem@blueyonder.co.uk, 959388718, bJgkHsXeFx/, 
712, Fields, Normavell, Madagascar, 444-6181, fnormavelleem@bol.com.br, 377009176, >Qk'@`HJh%ts, 
713, Eulalie, MacDiarmond, Serbia, 429-5624, emacdiarmondm@chello.nl, 590906689, KY0bY+d'>pIuB5, 
714, Yves, O'Suaird, Switzerland, 219-3271, yo'suairdondm@rediffmail.com, 936131502, (!0|)Lf, 
715, Sisile, Presnell, Angola, 398-4900, spresnellondm@att.net, 417606111, /VZ:~P\, 
716, Hill, Yeomans, Estonia, 270-7741, hyeomanslondm@tin.it, 671763626, ExyTu>!w[h^, 
717, Jobina, Consterdine, Seychelles, 997-9422, jconsterdinem@tiscali.co.uk, 469149013, PIBGwCU-%D, 
718, Lucius, Denecamp, Djibouti, 908-6870, ldenecampinem@wanadoo.fr, 965569236, XUGA55<=l}m{oXFL, 
719, Gawen, Miell, Guatemala, 270-5821, gmiellampinem@yahoo.fr, 111089661, F{1sSm^FD@, 
720, Lola, Mew, Japan, 219-9295, lmewllampinem@freenet.de, 351209592, X_o}+qz5V), 
721, Donnie, Morrill, Cuba, 867-3720, dmorrillpinem@juno.com, 442028256, <rLv0?eL, 
722, Breanne, Deveraux, Slovakia, 219-8158, bdeverauxinem@tin.it, 193008764, )P&>d\FHKJ'e(Sm^, 
723, Ivett, Nyssen, Niger, 270-3094, inyssenuxinem@yahoo.in, 667343626, ]/Kro'NZ-k@$L#Nv, 
724, Lynnette, Alwin, Malaysia, 429-5333, lalwinnuxinem@free.fr, 180728871, L}RgUb_~HR+, 
725, Hamish, MacQuist, South Sudan, 219-4071, hmacquistinem@hotmail.es, 951166370, oiQ".~!%Vv2z^0NF, 
726, Dalenna, Paul, Holy See, 398-7732, dpauluistinem@virgilio.it, 766645590, dzTJY=Ld'8e48, 
727, Mychal, Petruska, Mexico, 209-4505, mpetruskainem@outlook.com, 233588453, kQH8p`F|%(a:, 
728, Estelle, Borrill, Comoros, 867-8109, eborrillainem@neuf.fr, 665513707, XM\s;d, 
729, Cordy, Daniellot, Hungary, 398-8325, cdaniellotnem@hotmail.it, 260976185, Ami"jm)LC, 
730, Garrek, Bettington, Bahrain, 398-2007, gbettingtonem@mac.com, 995538034, 74#+N", 
731, Dasi, Pinch, Finland, 429-9988, dpinchngtonem@yahoo.it, 753979924, i-<'2DI^, 
732, Erminie, Bogays, Slovakia, 219-8282, ebogaysgtonem@centurytel.net, 407171644, 1.)38V5c, 
733, Kirk, Friedman, Slovakia, 398-4682, kfriedmanonem@mac.com, 217357931, ACBm"jLhh8;w>2RN, 
734, Sonni, Grenville, Peru, 429-9990, sgrenvillenem@yahoo.com.mx, 266961835, 9Jt6^aQ:?r, 
735, Emelina, Fulker, Moldova, 908-4475, efulkerllenem@yahoo.co.in, 463956375, X]+FGc<CT#m, 
736, Elston, McFadin, Palestine State, 925-5259, emcfadinlenem@club-internet.fr, 969130385, (U'5]`HK%C'87, 
737, Katrine, Bowden, Greece, 429-2492, kbowdennlenem@neuf.fr, 803794520, Oo(vJv, 
738, Clerkclaude, Ribey, Saint Vincent and the Grenadines, 997-5007, cribeynnlenem@freenet.de, 931417238, F"^dEd{[cXR)w~pA, 
739, Pris, Borrill, Russia, 925-3423, pborrilllenem@mac.com, 379429636, YKd00>CU@":~"PZ~, 
740, Verene, Messer, Ethiopia, 270-9760, vmesserllenem@qq.com, 293090655, s@$!Mot, 
741, Barnard, McGlaughn, Denmark, 270-7054, bmcglaughnnem@terra.com.br, 535658121, l0nk1@`Jb(Q}, 
742, Cynthy, Feldman, Moldova, 429-6830, cfeldmanhnnem@hotmail.co.uk, 877811830, 7%hXY\)>*{r, 
743, Bo, Cahalin, Cabo Verde, 270-7030, bcahalinhnnem@sky.com, 480072447, :}kR!Pav], 
744, Buddy, Trunby, Panama, 270-3849, btrunbynhnnem@uol.com.br, 803461246, eC'+Y5;d28Uh/U=, 
745, Helene, Ellif, North Korea, 209-1640, hellifynhnnem@hotmail.it, 558072012, 8dysy5\yq}%, 
746, Dede, Embery, Israel, 219-3628, demberynhnnem@skynet.be, 354616289, !pcbMm, 
747, Cortney, Rustidge, Cyprus, 925-1590, crustidgennem@hotmail.es, 317506625, '.:;j4G, 
748, Rolfe, McGrotty, Cuba, 270-8738, rmcgrottynnem@ymail.com, 555792828, Z;~e9|4(]){v=), 
749, Tally, Dudderidge, Bulgaria, 398-4662, tdudderidgeem@yahoo.fr, 838594251, +av9viqjhf@h, 
750, Gannie, Seebert, Eritrea, 209-9808, gseebertdgeem@rediffmail.com, 355814414, n?9;zGs+lP, 
751, Hilton, McGinlay, Dominican Republic, 925-2271, hmcginlaygeem@mail.com, 834358633, O[%RBvR=-J, 
752, Tatiana, Patrone, Kenya, 867-8961, tpatroneygeem@gmx.de, 830748674, bU]O@.|"u\g&AR, 
753, Vin, Syncke, France, 429-3036, vsynckeeygeem@rambler.ru, 293111700, VN;oa^+CA_;o~H(<, 
754, Kincaid, Flann, Eritrea, 925-9640, kflanneeygeem@hetnet.nl, 197816071, J1;V%8GlRRh, 
755, Keene, Ferrey, Rwanda, 219-7096, kferreyeygeem@me.com, 296863707, ):~D-|aj, 
756, Marita, McGinlay, Malta, 908-9240, mmcginlaygeem@cox.net, 181702512, rChy0Uc)fqx, 
757, Franky, Whillock, Zimbabwe, 209-6319, fwhillockgeem@sympatico.ca, 562710384, K7CPmJrCz{N, 
758, Yves, Niland, Tonga, 429-6336, ynilandckgeem@yahoo.in, 280185190, CvrV~mAc+x|kDN/, 
759, Alva, Letixier, Malaysia, 219-7408, aletixiergeem@att.net, 238090588, E(R~Em0GK, 
760, Nichols, Gilburt, Norway, 429-2404, ngilburtrgeem@aim.com, 376837636, VVS6%{D@nF9v^zV!, 
761, Raf, Armsby, Afghanistan, 908-9701, rarmsbytrgeem@live.com, 287597665, [>{9zU, 
762, Euell, Geeraert, Canada, 219-7541, egeeraertgeem@me.com, 278669906, iX'=O!8&!!t`U0#p, 
763, Jacinta, Royan, Trinidad and Tobago, 270-2885, jroyanertgeem@yahoo.co.jp, 840687052, K|TL-Xqu14My4e, 
764, Braden, Ocklin, United States of America, 867-5882, bocklinrtgeem@outlook.com, 932742852, a_E+aiSq, 
765, Darill, Grahlmans, Liberia, 997-4544, dgrahlmanseem@zonnet.nl, 213303660, I<T]OT28, 
766, Kylie, McIlvenna, Somalia, 444-9926, kmcilvennaeem@live.nl, 159220570, )1+55w'IHgEY!, 
767, Winnie, Keetch, Antigua and Barbuda, 444-3619, wkeetchnnaeem@yahoo.in, 334732739, T%XJ"bxJhBR5Lf, 
768, Ninnetta, O'Gavin, Bulgaria, 209-1798, no'gavinnaeem@live.ca, 711856851, +:Zn=*L*.;, 
769, Corinne, Gibling, South Sudan, 925-7258, cgiblingnaeem@shaw.ca, 348306525, T`{;a_xil:s?x~rm, 
770, Hendrika, Kelly, Kyrgyzstan, 209-6831, hkellyngnaeem@live.fr, 632074123, A)E?;S'n4=Dt|, 
771, Rockie, Gheeorghie, Djibouti, 398-4619, rgheeorghieem@tiscali.it, 297952596, 7q1a%~5^DK, 
772, Trumann, Bills, Mexico, 925-4725, tbillsrghieem@ig.com.br, 430205246, -Qj"h(6Sx%2, 
773, Batholomew, Wabersich, Ghana, 867-2105, bwabersicheem@sfr.fr, 435848640, YRO?'6JxRC, 
774, Haze, Matushevitz, Bangladesh, 209-7552, hmatushevitzm@live.co.uk, 327569887, <6c@Gaf+, 
775, Donnie, Henkmann, South Korea, 997-5777, dhenkmannitzm@ymail.com, 273993923, a8HF1y, 
776, Moira, Crookes, Dominica, 398-5845, mcrookesnitzm@mail.com, 192105692, \1LZj.<Q8(*fLkC, 
777, Guy, Reiner, Brazil, 429-3496, greinersnitzm@yahoo.com.sg, 494867516, %yNqM?"bz2, 
778, Bernette, Perigo, Dominican Republic, 444-4093, bperigosnitzm@gmx.de, 814527259, qozw4suR$<RD, 
779, Christie, Sherer, Slovakia, 908-4437, csherersnitzm@yahoo.es, 743216584, $y12j-h20X`<bv, 
780, Kylie, Netting, Malawi, 444-6938, knettingnitzm@qq.com, 661863538, gX(@8&`zi}0y0, 
781, Hamnet, Care, Tunisia, 444-2330, hcareingnitzm@laposte.net, 385627117, h9<y>G]aC.IzO$3, 
782, Jerad, Hember, Brunei, 209-7803, jhembergnitzm@yahoo.com.au, 967949981, (/ZNyzp"cD>, 
783, Henrietta, Revans, Egypt, 429-2449, hrevansgnitzm@mac.com, 387689238, Wg+%=Dft@, 
784, Errick, Fronek, Iceland, 867-5940, efronekgnitzm@yahoo.com.ar, 876706215, p;'o_^g\]X;:p\, 
785, Elia, McGrotty, Russia, 429-6868, emcgrottyitzm@live.co.uk, 854640605, !P="2Hw\ghv)Xpg, 
786, Lavinia, Antoniottii, Honduras, 398-4802, lantoniottiim@skynet.be, 138755188, &2`6\&q7&BS, 
787, Tabby, Whorlton, Samoa, 398-1909, twhorltontiim@outlook.com, 275544746, @uNBkz#~97Xv<i, 
788, Jarrid, Maase, Mozambique, 908-5813, jmaasetontiim@gmail.com, 385211901, dYDy.n2KKl[4/GJ, 
789, Doro, Speenden, Slovenia, 925-9136, dspeendentiim@web.de, 199129212, L%}^|t, 
790, Findlay, Labitt, Madagascar, 398-8281, flabittentiim@mail.ru, 295811230, "]dm9x7_Cb@, 
791, Cammy, Spring, New Zealand, 219-7946, cspringentiim@terra.com.br, 187832424, /XN$i;wn1, 
792, Kameko, Leftly, Russia, 444-7640, kleftlyentiim@mac.com, 717064703, (B.J?gi}[}Jkwz5, 
793, Susana, Eglise, Tajikistan, 444-2680, segliseentiim@web.de, 700489229, 3_rP?g[l*8yTW, 
794, Jeffry, Grenville, Finland, 429-4993, jgrenvilleiim@comcast.net, 970849028, 6WUx+E, 
795, Tobi, Levensky, Oman, 908-8495, tlevenskyeiim@yahoo.it, 340995298, #kH*t_$I7~='W.Ay, 
796, Danny, Birkenhead, Somalia, 925-1637, dbirkenheadim@skynet.be, 135374297, LIHh-2UI, 
797, Horst, Dyers, Djibouti, 270-3384, hdyersnheadim@optonline.net, 991808979, nr5F;oAg`.h!%0, 
798, Cassey, Merrisson, Suriname, 908-8949, cmerrissondim@bol.com.br, 921542432, H(&y5{ij, 
799, Tobin, Simonich, Romania, 270-7686, tsimonichndim@telenet.be, 368921787, yg}'.\p!, 
800, Jayme, Skym, Maldives, 867-8197, jskymnichndim@club-internet.fr, 157463075, wR>a=HU5, 
801, Ed, Milsap, Namibia, 429-6345, emilsapchndim@ymail.com, 377329827, tI9=@+W1$q, 
802, Cynthy, Challace, Lesotho, 867-5316, cchallacendim@hotmail.co.uk, 380842088, cS-:#s*c'StDe%(:, 
803, Randy, Bartolozzi, Malta, 429-2010, rbartolozziim@outlook.com, 604468327, f0c.2ypug|Ji-Sh, 
804, Taber, Corns, Comoros, 219-3025, tcornslozziim@yandex.ru, 276226681, XA~'5`GN, 
805, Ynes, M'Quharge, Fiji, 867-9696, ym'quhargeiim@yahoo.com.mx, 941602461, Jx]4&178k0*, 
806, Trstram, Meagh, Vietnam, 219-7029, tmeaghargeiim@bellsouth.net, 436665796, rcg\F>*6[j1TO, 
807, Ermengarde, Keam, Dominican Republic, 219-8488, ekeamhargeiim@rocketmail.com, 195380736, DjVj)Z, 
808, Glyn, Gollin, Haiti, 867-4087, ggollinrgeiim@voila.fr, 727329411, ;etjBz{, 
809, Casi, Dyball, Guinea, 997-4952, cdyballrgeiim@live.co.uk, 573068835, u|<znB%, 
810, Jacinda, Reedman, Sri Lanka, 429-8909, jreedmangeiim@verizon.net, 719446365, #65v"V-|gq=E:k, 
811, Ansel, Glasner, Tuvalu, 270-9622, aglasnergeiim@sympatico.ca, 446200266, 7I'WhHl, 
812, Garvy, Kemble, Djibouti, 429-3637, gkemblergeiim@cox.net, 886013725, .Md~i*TV#, 
813, Olivette, Swetman, Iran, 219-7277, oswetmangeiim@yahoo.ca, 176369015, \hl`1Z, 
814, Chery, Ducastel, Palestine State, 997-6433, cducasteleiim@msn.com, 952554090, .ot-t}z, 
815, Fanni, Yushmanov, Samoa, 209-5327, fyushmanoviim@gmail.com, 296206583, bgZKUUvJ4}.BLrd\, 
816, Giavani, Lowe, Qatar, 997-1580, glowemanoviim@live.com, 598498040, @s7n.hkoQ`VAP, 
817, Joe, Flicker, Ireland, 908-3928, jflickeroviim@windstream.net, 862023298, &n@0Ag/EEr, 
818, Modesta, Astie, Burkina Faso, 429-7641, mastieeroviim@live.co.uk, 868047293, 4o(TATY&:lFLqe<3, 
819, Starlin, Dansken, North Macedonia, 219-5024, sdanskenoviim@arcor.de, 893513990, Gq*(:9rh*yWJ, 
820, Svend, Syalvester, Colombia, 398-7031, ssyalvesterim@yahoo.com.ar, 802114272, 0&=@{QESEqn'c3/, 
821, Mychal, Sebastian, Switzerland, 398-7608, msebastianrim@googlemail.com, 442854715, ~i$W#gB-, 
822, Melodee, Blamphin, Slovenia, 429-6841, mblamphinnrim@shaw.ca, 969392729, uhU{f#E, 
823, Nico, Bowden, Egypt, 429-5550, nbowdeninnrim@gmx.net, 366305438, vA0O]2i, 
824, Ritchie, Shuttell, Bahamas, 925-7039, rshuttellnrim@yahoo.com.mx, 155651297, Jo<Fp?'n(MSzEE, 
825, Cornelle, Barrie, Panama, 867-9932, cbarriellnrim@yahoo.com.mx, 793826286, b(SK|9d%!//<o, 
826, Kelley, Tappor, Sweden, 270-1170, ktapporllnrim@live.fr, 782257597, =#:.#khzPN]q"C, 
827, Tandy, Bulloch, Turkey, 209-5598, tbullochlnrim@chello.nl, 231557285, [Wfk`}cX1;tJIv72, 
828, Forster, Eastlake, Peru, 429-6502, feastlakenrim@yahoo.co.jp, 947205649, QP-A<d23V3}81, 
829, Tallie, Bulloch, Madagascar, 867-8834, tbullochenrim@bellsouth.net, 506493749, =->>lB1$O/T:Utp, 
830, Matthus, Eingerfield, Armenia, 429-1193, meingerfieldm@aol.com, 896245731, }LAQeG, 
831, Yehudit, Albrook, South Korea, 908-1583, yalbrookieldm@msn.com, 941114191, 2cAZ8t0Gec, 
832, Karen, Memory, Eswatini (fmr. "Swaziland"), 219-2734, kmemorykieldm@orange.fr, 203108141, wLn]r", 
833, Moss, Harriot, Ghana, 908-4426, mharriotieldm@hotmail.fr, 932690811, }6xP+C2(4su, 
834, Cobbie, McGlue, Paraguay, 429-5716, cmcgluetieldm@yahoo.de, 704808331, 2?B!t7?"Q, 
835, Phillie, Lowe, Singapore, 270-3119, ploweuetieldm@windstream.net, 604158378, K4byCr, 
836, Annelise, Kenwrick, Burkina Faso, 908-8450, akenwrickeldm@yahoo.co.id, 718306722, xOQ4^$R_T!9?, 
837, Adamo, Mendes, Jordan, 908-1952, amendesckeldm@hotmail.it, 805751950, 9w7lOJkW27fE!SY^, 
838, Hadria, Caldairou, Russia, 398-1099, hcaldairouldm@orange.fr, 537502386, \=">uq{/i3zSw", 
839, Corabella, Routley, Namibia, 209-3587, croutleyouldm@blueyonder.co.uk, 195840352, 16$$Ad/%Ek[F, 
840, Jerad, Tunuy, Marshall Islands, 209-8048, jtunuyeyouldm@hotmail.com, 914578030, o!16_HC, 
841, Didi, Igo, Seychelles, 908-1872, digouyeyouldm@cox.net, 728680495, Y*WwN]n/<Za\o}e~, 
842, Kellia, Covolini, Equatorial Guinea, 925-6651, kcovoliniuldm@yahoo.com.au, 876098366, mccM{), 
843, Saxon, Follacaro, Guinea, 867-5528, sfollacaroldm@laposte.net, 436945942, C`f%XV#XVFX"dSs, 
844, Humberto, McKiddin, Venezuela, 219-2221, hmckiddinoldm@juno.com, 183716390, ZeIBh]ft!a, 
845, Lucilia, Mennithorp, Papua New Guinea, 429-3102, lmennithorpdm@tin.it, 405263243, !?fS4GI0A>s7, 
846, Karen, Gravenor, Honduras, 925-5548, kgravenorrpdm@yahoo.com.sg, 497996340, t\Ska(T>, 
847, Malvina, Flowith, Spain, 867-3965, mflowithrrpdm@sky.com, 478115096, OK*o%}, 
848, Conny, Bassil, Austria, 429-9428, cbassilhrrpdm@yahoo.com.br, 879230692, bMo6SkXB, 
849, Ginni, Korous, Morocco, 270-9201, gkoroushrrpdm@chello.nl, 189803513, Z">cB{2{ciTU'#8, 
850, Aristotle, Alu, United States of America, 429-2978, aaluoushrrpdm@libero.it, 364820174, HMh}HVp#W/, 
851, Karel, Selwin, Tuvalu, 997-1634, kselwinhrrpdm@orange.fr, 386983807, V6;XNCe7~_q}8, 
852, Eula, Febvre, Turkmenistan, 925-3758, efebvrehrrpdm@yahoo.co.in, 770667748, IkvGWtW?Ujtk&h, 
853, Doretta, Taffley, Nigeria, 867-5629, dtaffleyrrpdm@bluewin.ch, 467851507, `1a7|o)Z;kFM4}B&, 
854, Cosette, Sprigin, Nepal, 867-1074, cspriginrrpdm@centurytel.net, 979940123, s}pVGgR(3NX0, 
855, Colline, Drane, Suriname, 429-3790, cdraneinrrpdm@skynet.be, 329489547, I{:!/EgFU83I7$, 
856, Auria, Hemerijk, Moldova, 270-2764, ahemerijkrpdm@hotmail.de, 290397991, c-Rg!93Z4u, 
857, Hamnet, Minet, Brunei, 398-4959, hminetijkrpdm@bellsouth.net, 412580169, 2.EbLy, 
858, Sapphire, Cabane, Belarus, 270-4554, scabanejkrpdm@sympatico.ca, 495213736, a|k{69, 
859, Louisa, Glastonbury, Saudi Arabia, 429-9210, lglastonburym@wanadoo.fr, 186451542, T4U!\5bC, 
860, Scottie, Matyatin, Paraguay, 398-2272, smatyatinurym@free.fr, 272487325, S`>Y]nqOR<M9v, 
861, Maressa, Eastway, Marshall Islands, 398-6787, meastwaynurym@optusnet.com.au, 445847382, JwZLB%]q$}_c, 
862, Jean, Chrystie, Serbia, 908-3600, jchrystieurym@hotmail.fr, 748447764, qfXW.?Q*'AT, 
863, Darill, Helsby, Cameroon, 908-2088, dhelsbyieurym@aim.com, 622703148, j.ai~y__@j, 
864, Tally, Crawshay, Micronesia, 908-5398, tcrawshayurym@sfr.fr, 352732118, ;^T[4%0vUA_, 
865, Worth, Staveley, Togo, 997-9989, wstaveleyurym@gmail.com, 433246419, /jY4Lt+t, 
866, Caddric, Richardson, Central African Republic, 398-9429, crichardsonym@windstream.net, 947768890, WE5hyoH^4.j9[u8%, 
867, Karilynn, Newick, Belize, 219-9990, knewickdsonym@voila.fr, 588748132, Q"Wz+w!{WOel@HK, 
868, Aloysius, Martugin, Sweden, 270-5690, amartuginonym@tin.it, 950811505, Cd$jf`B, 
869, Christina, Clacey, Jamaica, 444-6821, cclaceyinonym@yahoo.es, 453757415, ~ILdPk.6, 
870, Dino, Thelwll, Finland, 908-3982, dthelwllnonym@qq.com, 239991121, Q||Vcwwi^, 
871, Lottie, Angrove, Honduras, 997-1366, langrovenonym@frontiernet.net, 508151507, N##TJ8.H, 
872, Ofelia, Tindley, Andorra, 429-6941, otindleynonym@bigpond.net.au, 529993781, =O!5G%s{g5UVQr)!, 
873, Giavani, M'Chirrie, Netherlands, 219-6605, gm'chirrienym@blueyonder.co.uk, 170988342, iH$*h{, 
874, Savina, Ogelbe, Saint Kitts and Nevis, 398-1912, sogelberienym@optusnet.com.au, 214891902, DMwx>Ik`c6&, 
875, Neddie, Yallowley, Kenya, 908-2907, nyallowleynym@yahoo.com.br, 793441153, [^.r?3X!g!eK^, 
876, Sephira, Wood, Uruguay, 219-7238, swoodowleynym@aim.com, 372840964, .PX9LCy%, 
877, Domenico, Shearme, Vanuatu, 867-5158, dshearmeeynym@web.de, 298713221, `J{`0b?\@1Ga), 
878, Tobi, Koenraad, Ethiopia, 997-6252, tkoenraadynym@att.net, 673577823, c.K$)VO1, 
879, Sorcha, Pilpovic, Finland, 997-6427, spilpovicynym@rocketmail.com, 513854447, -Rb=x_, 
880, Etta, Ivons, Qatar, 429-6109, eivonsvicynym@yahoo.com, 501128545, D^_nag_Lx`0, 
881, Evania, Tracy, Iraq, 444-1858, etracyvicynym@gmx.net, 189495988, 1<"+7l'H5vC, 
882, Rosalinda, Kernley, South Africa, 908-6276, rkernleycynym@freenet.de, 804601855, d[!/`F:9`, 
883, Rolfe, Battill, Vietnam, 429-6498, rbattillcynym@cox.net, 718253187, p\e@nCAE, 
884, Katrine, de Najera, Netherlands, 429-3147, kde najeranym@yahoo.com.sg, 910418009, *Zfis~euPNBXRxu], 
885, Sigmund, Trelevan, Luxembourg, 219-8058, strelevananym@qq.com, 902239517, @)ziL-oVgpZuo@, 
886, Mariellen, Zecchini, Comoros, 209-4797, mzecchinianym@ymail.com, 956461969, 8fUP`*ncrI, 
887, Winni, Weekley, Samoa, 219-5605, wweekleyianym@web.de, 469351039, /}.9?5., 
888, Vivia, Chastel, Georgia, 429-8147, vchastelianym@terra.com.br, 686126267, T?6wH5&, 
889, Avivah, Baudinelli, Vietnam, 908-3941, abaudinelliym@live.it, 765545526, A'KN?%|LKt(#cAq, 
890, Red, Prine, Estonia, 925-6994, rprinenelliym@rediffmail.com, 410917808, eTV@vy|D;>*%, 
891, Leanor, Mayworth, Belize, 219-4043, lmayworthliym@gmx.de, 204384052, 0AgcQ3h/'"V'o, 
892, Joshuah, Bird, Eritrea, 925-7689, jbirdorthliym@me.com, 939209116, O{q\86, 
893, Elnora, Conford, Madagascar, 209-5903, econfordhliym@yahoo.com.sg, 341934188, BZtPz2(, 
894, Kelcy, Pasmore, Ecuador, 429-2913, kpasmorehliym@free.fr, 109729298, hV3dI*8xY6/, 
895, Cleon, Wilne, Marshall Islands, 908-5649, cwilnerehliym@live.nl, 130326204, q6-4RIb6fTpK=G, 
896, Newton, Grenville, China, 270-4809, ngrenvilleiym@hotmail.es, 401045664, L/cfnO)*Jy, 
897, Karyl, Hughf, Holy See, 444-3825, khughfilleiym@blueyonder.co.uk, 248224805, yML80En, 
898, Madlin, Liebmann, Saudi Arabia, 925-7648, mliebmanneiym@charter.net, 643796414, _&U/HxYCS1, 
899, Hendrik, Verdy, South Korea, 925-4469, hverdyanneiym@comcast.net, 968562080, 4^5rMhTE[FA6";zJ, 
900, Gannie, Keetch, Benin, 270-7315, gkeetchnneiym@rambler.ru, 818012450, 4rzz~!I]O<ER+i/, 
901, Rosita, Fillary, Romania, 209-5987, rfillaryneiym@yahoo.co.jp, 408255486, v"JRc34(G(=, 
902, Tallie, O'Hollegan, Bangladesh, 867-8818, to'holleganym@mac.com, 770902182, XeIfP*EFjYR, 
903, Leona, Petruska, Tuvalu, 429-2177, lpetruskaanym@facebook.com, 554194976, s5r1p5guNm, 
904, Lianna, O'Cannovane, Togo, 444-4359, lo'cannovanem@tiscali.co.uk, 851150019, lGcF5ZL#5in, 
905, Kissiah, Reinert, Palau, 925-2917, kreinertvanem@yahoo.fr, 599813791, t8`bhl*~]Q!, 
906, Adelina, Bukowski, Grenada, 219-8661, abukowskianem@gmx.net, 602266943, 4xO>{?;3=IUO, 
907, Grazia, Itscowics, Vietnam, 270-9043, gitscowicsnem@bol.com.br, 693273132, J1p;hS+, 
908, Corabella, Dudney, Saint Vincent and the Grenadines, 444-3339, cdudneyicsnem@blueyonder.co.uk, 843279164, Jp'vHOL3(:\Co/#y, 
909, Tiebold, Feaster, Vietnam, 209-8543, tfeastercsnem@bluewin.ch, 195906054, W)fjp8UU)[L, 
910, Dietrich, Fronek, Uganda, 444-3396, dfronekrcsnem@zonnet.nl, 299967403, W?HQ2Z=@p, 
911, Uriah, Glasner, Antigua and Barbuda, 398-9093, uglasnercsnem@live.it, 127991703, )\BLS)83, 
912, Darill, Godilington, Ghana, 908-5145, dgodilingtonm@aol.com, 917769857, gq1\IjNr, 
913, Lottie, Mennithorp, Palestine State, 209-3712, lmennithorpnm@rediffmail.com, 895600554, s>8GGOsb:n, 
914, Skippy, Jerrolt, Algeria, 444-5084, sjerroltorpnm@bluewin.ch, 536529694, lA/;5(rD|<A^, 
915, Barde, Eastcott, Suriname, 925-6695, beastcottrpnm@live.it, 942086414, 'DrlX<YkLQ/T, 
916, Lian, Shank, Guinea-Bissau, 209-9587, lshankottrpnm@rambler.ru, 706263802, S[o[ol7eKAjl~wY, 
917, Leonie, Caddy, Nigeria, 867-9169, lcaddyottrpnm@rocketmail.com, 496527505, G_s>Yp>, 
918, Clement, Battye, Tanzania, 398-5414, cbattyettrpnm@hotmail.it, 819281639, &.G+y`#nS7<, 
919, Guillema, Bettington, Philippines, 398-5996, gbettingtonnm@gmail.com, 340721261, TR6r=0(vdF?jKg2o, 
920, Giulio, Lackie, Senegal, 867-1605, glackiegtonnm@yahoo.co.in, 516156705, p\Cs%MHV}Ur.vjqX, 
921, Felike, Gwilliam, North Macedonia, 925-3586, fgwilliamonnm@sympatico.ca, 682595114, ".0EO=7GHY;MA|$, 
922, Brady, Trower, Sri Lanka, 270-8684, btroweramonnm@mail.ru, 705873133, tiu<-%^\@'', 
923, Noach, Withey, Myanmar (formerly Burma), 867-2852, nwitheyamonnm@tin.it, 354344919, 9eiV?Wg'q}x, 
924, Kiah, Claque, Samoa, 429-4948, kclaqueamonnm@t-online.de, 889510778, "R/)8~eg{QqN, 
925, Rubina, Swabey, El Salvador, 444-2988, rswabeyamonnm@free.fr, 345955838, 7vKz&Inim#q+T, 
926, Susanetta, Etherington, Moldova, 209-9415, setheringtonm@bellsouth.net, 623534638, z;>lm4|3-O, 
927, Donnie, Mallard, Georgia, 398-4380, dmallardgtonm@gmx.net, 779204677, e&SoZ)W`]ji0i, 
928, Allistir, Hoggin, Austria, 219-9985, ahoggindgtonm@hotmail.co.uk, 941385792, bS};gw, 
929, Devin, Woolliams, United Arab Emirates, 398-3517, dwoolliamsonm@blueyonder.co.uk, 526574328, [yBWX-[#1A"S-m, 
930, Neddie, Schaffel, Argentina, 209-9198, nschaffelsonm@planet.nl, 112834870, }9Eyq@{c+qw, 
931, Vin, Jaksic, Colombia, 997-8419, vjaksicelsonm@libero.it, 784598800, )qB16S9VkYvRWJ2, 
932, Henrietta, Creer, Papua New Guinea, 219-8568, hcreercelsonm@laposte.net, 512517323, CsR7NtUI8H, 
933, Brigit, Berrycloth, Kenya, 444-5590, bberryclothnm@yahoo.es, 256996196, FvGC4{tQQj, 
934, Joell, Brothwood, Sudan, 997-8075, jbrothwoodhnm@club-internet.fr, 639472985, yf3\ku:E, 
935, Estele, Mather, Belize, 219-1497, ematheroodhnm@facebook.com, 236951266, XqkMC=9?U`/u&L, 
936, Hill, McMechan, Chad, 444-6143, hmcmechandhnm@gmx.net, 989690962, ^YNbUwwxgPjS9, 
937, Savina, Antoniewicz, Netherlands, 867-4793, santoniewiczm@bellsouth.net, 226385058, QC{&o9, 
938, Glenn, Addie, Lithuania, 925-4647, gaddieiewiczm@yahoo.co.in, 343415108, KAvDCH/1, 
939, Mora, Trower, Azerbaijan, 270-3815, mtrowerewiczm@aim.com, 773549028, C~W?%arU, 
940, Rianon, Sherer, Mexico, 270-7147, rshererewiczm@orange.fr, 586717062, :~qva!B\q^C, 
941, Bernhard, Danell, Lebanon, 925-7464, bdanellewiczm@yahoo.com.mx, 236887419, /wUc9c4Af-I6, 
942, Sondra, Farrow, Mexico, 209-8984, sfarrowewiczm@uol.com.br, 642832878, 5ryD>j, 
943, Franzen, Spring, Algeria, 908-3470, fspringewiczm@me.com, 874630440, Mcu{@])h.if5, 
944, Nikki, Matushevitz, Benin, 908-1712, nmatushevitzm@blueyonder.co.uk, 712717155, K;Ih{$<?(gRoebk&, 
945, Rockie, Woodland, Venezuela, 908-5958, rwoodlanditzm@att.net, 206043397, 7nDyuBr, 
946, Jacky, Grebner, Central African Republic, 997-6140, jgrebnerditzm@yahoo.es, 217591268, aa:Qb{=#qKFYDQp3, 
947, Correy, Barritt, Côte d'Ivoire, 429-2010, cbarrittditzm@tin.it, 340567536, EF_R~Y:`Vm2, 
948, Stevana, Jaksic, Congo (Congo-Brazzaville), 429-6456, sjaksictditzm@me.com, 179295286, rM\@OWK"bxcX, 
949, Karel, Petry, Micronesia, 444-4314, kpetryctditzm@yahoo.co.uk, 712575201, gx&la[c1qO>Y, 
950, Nikki, Donett, Côte d'Ivoire, 997-7498, ndonetttditzm@orange.fr, 764087340, PwJ#Unmkh:YQMx, 
951, Gerladina, McFie, Kuwait, 219-5619, gmcfiettditzm@virgilio.it, 989547096, :Lp]cO#, 
952, Bastien, Care, Botswana, 997-1327, bcareettditzm@yahoo.es, 337204294, v1]LiIx}#, 
953, Hilton, O'Duane, San Marino, 429-1840, ho'duaneditzm@skynet.be, 229840295, `#yDl7, 
954, Evania, Martugin, Serbia, 219-1281, emartuginitzm@facebook.com, 638032889, &`!QeJdcf, 
955, Delila, Lackie, Democratic Republic of the Congo, 925-6781, dlackieinitzm@sympatico.ca, 171621717, iTPHAgci, 
956, Regina, Bestwick, Italy, 908-3913, rbestwickitzm@hetnet.nl, 354052782, Z%J?iH&, 
957, Mikaela, Shout, North Korea, 429-6923, mshoutickitzm@gmx.de, 312740021, l9)5t+3x1, 
958, Daniele, Domleo, Sierra Leone, 429-7906, ddomleockitzm@bigpond.com, 474214851, {O~ew?-T?qW$, 
959, Jarret, Ivins, Azerbaijan, 398-4751, jivinsockitzm@yahoo.com, 545287263, ElCo1ct)hT&, 
960, Elinor, Thelwll, Sierra Leone, 867-9140, ethelwllkitzm@uol.com.br, 203898492, k|m+aga4v.+S, 
961, Fraze, Jamieson, Cabo Verde, 429-2214, fjamiesonitzm@yandex.ru, 129105944, \Z&JcE/, 
962, Newton, Kobel, Eswatini (fmr. "Swaziland"), 997-1074, nkobelsonitzm@sky.com, 440054963, 33JFDqjvxa(o>, 
963, Marlowe, Bestwick, Mexico, 270-5662, mbestwickitzm@shaw.ca, 696386814, $f?t!z, 
964, Candida, Dowgill, Tonga, 398-3735, cdowgillkitzm@laposte.net, 833248624, {GI.@EO0|e&, 
965, Dinnie, Armsby, Haiti, 925-1526, darmsbylkitzm@freenet.de, 969931542, D-fY_R~QPWk/m4W, 
966, Levin, Franceschi, Sudan, 444-8624, lfranceschizm@live.ca, 447317028, P?/c&x`QW(91f&1R, 
967, Timmie, Hughf, Jordan, 270-6761, thughfeschizm@orange.fr, 359051288, Z)kr=82(, 
968, Trumann, Summons, Norway, 444-5145, tsummonschizm@rambler.ru, 927836411, mzpn!<B, 
969, Leanor, Fairy, Cuba, 209-6460, lfairynschizm@orange.fr, 171391707, B@V6w)a~y, 
970, Anne, Ruffle, Montenegro, 398-7221, aruffleschizm@planet.nl, 553271422, M@/h[Ps5K:w3Q|, 
971, Kelcie, O' Dornan, Uzbekistan, 908-9897, ko' dornanizm@sky.com, 333173094, pWn{a@NKy7', 
972, Merci, Naulls, San Marino, 867-4986, mnaullsnanizm@rambler.ru, 110132999, D&x[/&JN*\h.g@{c, 
973, Selene, Midlane, Mongolia, 429-3088, smidlaneanizm@yahoo.in, 580123492, bi;+6.RsMfO\k5E, 
974, Stanton, Gotcliffe, Mauritania, 270-1387, sgotcliffeizm@live.com, 279636837, %o%'[g/$dx, 
975, Erminie, Pavlovsky, Iraq, 867-6820, epavlovskyizm@bol.com.br, 784051018, kFI!jYwv~zKp, 
976, Estelle, Dorken, Ethiopia, 997-6727, edorkenskyizm@ntlworld.com, 452511233, uI)~q+uIYS5~8P, 
977, Francesca, Brecon, Panama, 867-8637, fbreconskyizm@rediffmail.com, 997257158, !3%JSP[$!kf)kr3{, 
978, Ethelyn, Mountlow, Suriname, 270-2748, emountlowyizm@mail.com, 197953933, rL'u\9E\KI(}yb=y, 
979, Cornelle, Franceschi, Chile, 997-4079, cfranceschizm@yahoo.com, 854381470, pV92>n;2, 
980, Arte, Kerman, Syria, 908-7365, akermanschizm@yahoo.es, 149868863, KuXEstY]31MDz9, 
981, Svend, Claque, Bolivia, 209-5101, sclaqueschizm@laposte.net, 521736284, sP07b>8QwbHP, 
982, Bonnibelle, Redfield, Bahamas, 219-2644, bredfieldhizm@yahoo.com.mx, 767640866, 7BNCIXga"{P0, 
983, Maryjo, Care, Philippines, 219-4105, mcareieldhizm@planet.nl, 234738561, uCy9xYNGf0B|R+Z, 
984, Gonzales, Kyle, Spain, 429-8720, gkyleieldhizm@hotmail.com, 256703509, &\oO/$J?x(S2, 
985, Corinne, Hackinge, Guinea-Bissau, 444-8130, chackingehizm@rediffmail.com, 324855909, vbe.F(ZE`=n"4^, 
986, Galen, Anthony, Libya, 867-6283, ganthonyehizm@live.co.uk, 776103855, Bpv=lja+1s(u"N8, 
987, Mora, Klas, Tuvalu, 209-3806, mklasonyehizm@msn.com, 281862897, ~#49"i, 
988, Cosmo, Fronek, Solomon Islands, 444-2582, cfronekyehizm@t-online.de, 251573682, k/Or?j[V`i, 
989, Ynes, Petry, Slovenia, 444-3146, ypetrykyehizm@rediffmail.com, 488932193, <eDWiFyDYs, 
990, Bondon, Daniellot, Sudan, 398-4163, bdaniellotizm@voila.fr, 821693237, @@t!DyI_M7+;\F!, 
991, Austen, Swainston, Marshall Islands, 925-5990, aswainstonizm@sympatico.ca, 228364631, Opq@pF?t, 
992, Bondon, Fadell, France, 270-1545, bfadelltonizm@yahoo.it, 225096771, "zB<X$=r<Bnh&)o, 
993, Guy, Lillecrap, Guyana, 867-3352, glillecrapizm@optonline.net, 673924591, ]b!^<TC, 
994, Ynes, Matushevitz, Kenya, 444-2489, ymatushevitzm@ntlworld.com, 941965215, Y?&H(+Q3y!/D&, 
995, Melodee, Remmers, Sao Tome and Principe, 398-1430, mremmersvitzm@t-online.de, 649874398, n<NE04Q[{yO, 
996, Philippine, Macklin, Dominica, 270-8700, pmacklinvitzm@t-online.de, 671768238, c9ah@*%%4Ya, 
997, Gar, Johantges, Somalia, 209-2374, gjohantgestzm@tiscali.co.uk, 815840749, #BmlwldU1HEiF, 
998, Gabbie, Ellif, United Kingdom, 429-2778, gelliftgestzm@msn.com, 747397383, (91jP).w4"5U*", 
999, Joletta, Hakey, Lithuania, 444-6023, jhakeytgestzm@yahoo.com.ar, 191647732, )tpR-_:c, 
1000, Wakefield, Franceschi, Ireland, 429-3173, wfranceschizm@yahoo.com.ar, 975441009, xcn/:wJ<)eYJ, 
