LastName, FirstName, Country, SIN, PhoneNum, Email, Password, 
Abatelli, Verene, Moldova, 968728756, 429-6375, vabatelli@yahoo.co.in, X]+FGc<CT#m, 
Abbs, Petronia, Antigua and Barbuda, 878571336, 908-5239, pabbs@alice.it, R{TrR87Q, 
Abby, Hadlee, Grenada, 279809530, 444-3026, habby@terra.com.br, qGVQQJ, 
Acuna, Tildy, Samoa, 579803200, 219-9746, tacuna@outlook.com, @uNBkz#~97Xv<i, 
Adair, Claudius, Lebanon, 600559498, 867-1103, cadair@hotmail.com, ooVI1Od3xgsK#o, 
Addie, Afton, Marshall Islands, 160761846, 867-2794, aaddie@centurytel.net, '.+OEiw, 
Addie, Raynor, Georgia, 651978273, 219-8385, raddie@yahoo.co.id, QpXC_!D{aFpn, 
Ager, Audy, Nigeria, 937594374, 219-2687, aager@yahoo.ca, *Js?!b, 
Agg, Peyton, Central African Republic, 190526343, 209-9956, pagg@mail.com, `OV.]=ds;P!, 
Aleksankin, Jermain, Solomon Islands, 127925537, 429-8673, jaleksankin@cox.net, FcI"`E, 
Allan, Rivi, Rwanda, 411269559, 444-7160, rallan@uol.com.br, SFQr]%y]L67y, 
Allan, Marcille, Brunei, 293047510, 209-8210, mallan@yahoo.co.jp, ltk+2Q[Cm8;:, 
Allcorn, Eloise, Bahamas, 181914693, 209-7439, eallcorn@yahoo.com.au, j&Rly$'!R[, 
Allcorn, Sheffield, Slovenia, 998581402, 219-1559, sallcorn@terra.com.br, >4^'gCLa1&Q[, 
Alu, Fonsie, Honduras, 442591537, 908-2507, falu@frontiernet.net, N##TJ8.H, 
Alu, Godfrey, Palestine State, 474526214, 925-1554, galu@rediffmail.com, s>8GGOsb:n, 
Androsik, Hilton, Estonia, 153860725, 398-8455, handrosik@bellsouth.net, Z*ARR)1)jbF6k{\, 
Androsik, Minny, Sierra Leone, 139279623, 398-3492, mandrosik@uol.com.br, k|m+aga4v.+S, 
Anscott, Gerladina, Gabon, 125357509, 219-6557, ganscott@bol.com.br, tO}muU(y06@4*, 
Anscott, Braden, Morocco, 884104343, 444-6729, banscott@bol.com.br, IyJfpbsV3pns(, 
Anscott, Granger, Laos, 204545986, 925-1427, ganscott@web.de, wuX>-5VdM9B9v52, 
Anscott, Wyatt, Seychelles, 293119007, 925-6013, wanscott@tiscali.co.uk, PIBGwCU-%D, 
Anthony, Anitra, Singapore, 871745091, 219-6378, aanthony@windstream.net, K4byCr, 
Antoniottii, Maryjo, Uruguay, 666211289, 444-6964, mantoniottii@aim.com, .PX9LCy%, 
Archambault, Yves, Botswana, 811363200, 925-4344, yarchambault@yahoo.es, 2E&Yt;, 
Arton, Purcell, Brazil, 385716599, 398-8078, parton@bigpond.net.au, pmM}W?8E, 
Arton, Cornelius, Eswatini (fmr. "Swaziland"), 245142792, 398-7481, carton@mail.ru, %wAZHq(Lt}1, 
Ashmole, Burtie, Slovenia, 531365439, 867-9323, bashmole@ymail.com, R-aQ&zY, 
Ashmole, Nichols, Moldova, 586628015, 398-5830, nashmole@hotmail.co.uk, 7%hXY\)>*{r, 
Ashmole, Shandie, Lesotho, 358801683, 908-7088, sashmole@hotmail.co.uk, cS-:#s*c'StDe%(:, 
Axby, Eloise, Argentina, 319544266, 867-9860, eaxby@mail.ru, 8bQnWIfyq/[/.ih, 
Axby, Vin, Mozambique, 121351989, 444-6466, vaxby@bluewin.ch, udrsKOh0V:9, 
Axby, Jessica, Sierra Leone, 419120845, 908-4851, jaxby@bigpond.com, {O~ew?-T?qW$, 
Axten, Carlin, Finland, 664150254, 925-5088, caxten@optonline.net, t"d%.{, 
Ayce, Loren, Malta, 862419666, 398-1512, layce@cox.net, rChy0Uc)fqx, 
Azam, Philipa, Trinidad and Tobago, 198171884, 219-4531, pazam@ntlworld.com, (;@S:p\rsa, 
Azam, Cletus, Congo (Congo-Brazzaville), 653184445, 908-6286, cazam@me.com, rM\@OWK"bxcX, 
Bacup, Annabela, Kazakhstan, 978219419, 398-2446, abacup@live.ca, YxqV(Ik_crzm/, 
Balcon, Corinne, Seychelles, 477075122, 209-4920, cbalcon@yahoo.de, Y+RIrQu, 
Balcon, Tulley, North Korea, 481205147, 209-5662, tbalcon@neuf.fr, }O~Bg/, 
Baldin, Gabbie, Hungary, 191011984, 209-5498, gbaldin@aol.com, -B2P#XuWcSXU*}Q, 
Baldin, Hailey, Madagascar, 975278640, 270-8230, hbaldin@mail.ru, "]dm9x7_Cb@, 
Balmann, Burtie, Senegal, 574330757, 270-9027, bbalmann@qq.com, ]}b}uH93\+'d0Do{, 
Banishevitz, Eva, Jordan, 273914398, 270-3663, ebanishevitz@aol.com, <d;?PN, 
Banishevitz, Lilas, Afghanistan, 155954327, 398-4721, lbanishevitz@comcast.net, uguok>(Tc\s;(3, 
Banishevitz, Madison, Brunei, 187544444, 867-8981, mbanishevitz@yahoo.com.au, (/ZNyzp"cD>, 
Banishevitz, Jayson, Marshall Islands, 993005634, 444-7030, jbanishevitz@hotmail.com, o!16_HC, 
Barge, Rahel, Tonga, 778893660, 429-1624, rbarge@laposte.net, {GI.@EO0|e&, 
Barnaclough, Noble, Palestine State, 151245830, 867-4347, nbarnaclough@aim.com, u6kx}0YK|Cc#^, 
Barnaclough, Buddy, Marshall Islands, 415937886, 219-6204, bbarnaclough@live.nl, q6-4RIb6fTpK=G, 
Barnett, Carolyne, Czechia (Czech Republic), 193155710, 867-4030, cbarnett@club-internet.fr, xL@eDx"$=m/, 
Barnett, Elke, Belgium, 387029573, 867-9750, ebarnett@bol.com.br, zyTMso#, 
Barracks, Rois, Rwanda, 369374550, 867-5199, rbarracks@bellsouth.net, D>U=5[:mOe_Dw, 
Barrie, Ettie, Vietnam, 742112110, 219-5641, ebarrie@virgilio.it, lp)te\kceu/D&eL, 
Barrie, Esdras, Qatar, 494622285, 219-8545, ebarrie@yahoo.com, D^_nag_Lx`0, 
Bartlam, Jeramey, Brunei, 946942590, 219-8581, jbartlam@arcor.de, MWdS1tD2O)^mg, 
Bartlam, Alan, United States of America, 382663749, 867-1609, abartlam@tin.it, Dt{2(ao, 
Bassil, Dante, Saint Vincent and the Grenadines, 521885135, 908-9622, dbassil@bol.com.br, cx05J:, 
Battye, Elwood, Kenya, 122438616, 997-1153, ebattye@yahoo.com.br, [^.r?3X!g!eK^, 
Battye, Jemmie, Argentina, 165703554, 444-1870, jbattye@planet.nl, }9Eyq@{c+qw, 
Baudouin, Belinda, Ghana, 114969968, 209-4489, bbaudouin@gmx.de, Lm|CF5:=), 
Bayfield, Giuditta, South Africa, 623541206, 908-1855, gbayfield@freenet.de, d[!/`F:9`, 
Bedburrow, Ferdinand, Peru, 302550399, 997-6154, fbedburrow@sbcglobal.net, 0=VC-<2m0LN, 
Bedburrow, Whitman, Fiji, 265401877, 925-2775, wbedburrow@att.net, };lk=^M//grG, 
Beddoe, Web, Togo, 225152182, 925-5509, wbeddoe@alice.it, {zrkRxmo, 
Begwell, John, United Arab Emirates, 837161521, 219-4098, jbegwell@comcast.net, `E0<9EKA, 
Begwell, Barde, El Salvador, 560585728, 444-4838, bbegwell@free.fr, 7vKz&Inim#q+T, 
Belham, Tobin, Japan, 454367395, 867-9428, tbelham@neuf.fr, `z/M1%rHQu|u^[o, 
Belham, Arnuad, Angola, 568676368, 925-4210, abelham@yahoo.fr, /|54zGs*`GVYX;L, 
Benard, Arte, Bosnia and Herzegovina, 477108003, 398-6271, abenard@ntlworld.com, +-C!;p|, 
Bensley, Billy, Peru, 769908538, 219-8151, bbensley@virgilio.it, 1VW8tE6h, 
Bensley, Saundra, Liechtenstein, 323307607, 925-2925, sbensley@ig.com.br, wPo4IK, 
Berard, Claudia, Venezuela, 813263589, 270-8390, cberard@juno.com, ZeIBh]ft!a, 
Berkely, Kalindi, Palestine State, 607946550, 219-8056, kberkely@hotmail.de, ?"5mUsn[7, 
Berrycloth, Glyn, South Africa, 343198812, 908-6500, gberrycloth@chello.nl, I^FE;:&9q\R|R, 
Berthe, Filia, Sao Tome and Principe, 295740084, 925-1972, fberthe@yahoo.co.in, Injw:u=;, 
Berthe, Vincenty, Saint Vincent and the Grenadines, 675952280, 925-6209, vberthe@terra.com.br, v1uwzJA&8, 
Berthe, Cirstoforo, United Arab Emirates, 452200279, 908-2239, cberthe@shaw.ca, a(Y;nnR%T-jcJu, 
Berthe, Felike, Somalia, 432885249, 209-6600, fberthe@yahoo.co.jp, ISp4<mjuZn:, 
Best, Rosita, China, 624305153, 867-2573, rbest@yahoo.com.mx, :D[G(]~Jm77S, 
Best, Lydon, Jordan, 221248540, 398-9649, lbest@optonline.net, &SyyO|q/(FwT0-8}, 
Best, Byrom, Namibia, 694248677, 908-2074, bbest@sky.com, Awn@Cus|QCf90{, 
Best, Brady, Afghanistan, 194983411, 398-9520, bbest@hotmail.de, LkH^Tm=T'cdQZT, 
Bettlestone, Siobhan, Mauritius, 174960596, 398-2267, sbettlestone@rambler.ru, :2b}G;{i>y, 
Bigglestone, Lauraine, Kyrgyzstan, 612197494, 444-7132, lbigglestone@live.fr, 7nMzPnm*y, 
Bigham, Odey, Equatorial Guinea, 547395971, 219-6539, obigham@gmail.com, Erko;Skhg0]X, 
Bilovsky, Muffin, France, 981999754, 997-5746, mbilovsky@bluewin.ch, `GW#j8, 
Bilovsky, Nico, San Marino, 413240857, 997-4179, nbilovsky@live.it, Jy#n%3s-u4UPPMhh, 
Binstead, Devin, C么te d'Ivoire, 803386966, 997-7748, dbinstead@aol.com, {KqM.ZgVB=, 
Binstead, Rivkah, Nicaragua, 208057661, 867-3418, rbinstead@tiscali.co.uk, fD'*5fy, 
Binstead, Neddie, Tunisia, 277894282, 908-9515, nbinstead@windstream.net, Vi|2|%thtKhq!nT, 
Binstead, Hedwiga, Holy See, 919466130, 925-7590, hbinstead@virgilio.it, dzTJY=Ld'8e48, 
Bird, Kristien, Ireland, 444279172, 867-5174, kbird@blueyonder.co.uk, _M%#|h7^yUhO, 
Bird, Hi, Kazakhstan, 808090210, 908-6611, hbird@yahoo.com.mx, 2cFEv~, 
Birdall, Armando, Lebanon, 852676224, 209-5171, abirdall@live.ca, M6l?t=)^\Lw(Fq, 
Birdall, Cyndia, Bhutan, 764056747, 867-6672, cbirdall@freenet.de, ="DIN@U5BPl, 
Birdall, Hadlee, Montenegro, 331684179, 270-1935, hbirdall@yahoo.com.au, 1'w=HD2`o, 
Birkenhead, Bennett, United Arab Emirates, 339723618, 444-5025, bbirkenhead@verizon.net, 3&8jx_{zVh6d=+(t, 
Birkenhead, Kelcy, Slovenia, 439842053, 219-5007, kbirkenhead@uol.com.br, NO{WGy3%MP]), 
Biset, Emory, Ecuador, 337147135, 867-1298, ebiset@free.fr, hV3dI*8xY6/, 
Blamphin, Bondon, Togo, 251188314, 925-4405, bblamphin@orange.fr, p:#WxHm, 
Blamphin, Pris, Luxembourg, 241320959, 444-7517, pblamphin@qq.com, @)ziL-oVgpZuo@, 
Blankett, Nadya, Bahamas, 433530952, 925-6721, nblankett@hotmail.it, I&o|>AQ'%2, 
Blasing, Garry, Guinea, 318474917, 219-2083, gblasing@shaw.ca, 'x.1KEk<, 
Blay, Thom, Saint Vincent and the Grenadines, 869500843, 908-1753, tblay@voila.fr, L7`gYoQ`*ZR7, 
Bleddon, Noni, Tanzania, 144044101, 219-4412, nbleddon@att.net, []kqNypP&M., 
Blundin, Saxon, Kenya, 494363168, 219-7215, sblundin@ntlworld.com, Y?&H(+Q3y!/D&, 
Bodham, Demott, Suriname, 220954715, 398-8547, dbodham@skynet.be, I{:!/EgFU83I7$, 
Bogays, Vinny, Syria, 407021491, 908-1980, vbogays@gmx.de, cmD{Rr17P, 
Bogays, Doralin, Angola, 145591360, 398-6111, dbogays@att.net, /VZ:~P\, 
Borres, Osmond, Colombia, 936881504, 219-8465, oborres@googlemail.com, Joe\L=OoxKvR, 
Borrill, Madison, India, 852704313, 867-3198, mborrill@frontiernet.net, tTlScuXz)6S\3., 
Borrill, Benedict, Nauru, 430752746, 219-9205, bborrill@mail.ru, &^Xkhz), 
Borrill, Dorree, Sudan, 384662667, 429-7005, dborrill@me.com, ^jH2L*6V3=, 
Borthram, Karney, Zimbabwe, 676453195, 908-8805, kborthram@yahoo.com.br, 5UeuFEj6SSBo:xn, 
Botger, Sharon, Qatar, 437963995, 867-1701, sbotger@frontiernet.net, [URH%EIR}xT#G-, 
Bould, Chery, El Salvador, 118852039, 925-5606, cbould@windstream.net, vmSG&pU'nSVnotFJ, 
Bourgeois, Nehemiah, United States of America, 688873165, 219-5867, nbourgeois@yahoo.com.ar, kwOb6?Q"%]^v2l2, 
Bourgeois, Vera, Bahrain, 467944427, 209-1944, vbourgeois@googlemail.com, }^m[3h+D!}, 
Bowden, Danita, Mauritius, 321608488, 270-4135, dbowden@bellsouth.net, yYs-*R, 
Bownes, Randy, Serbia, 158619429, 270-2679, rbownes@zonnet.nl, fMLm}#j, 
Bownes, Norry, Lithuania, 663148362, 997-2108, nbownes@yahoo.co.in, KAvDCH/1, 
Brandin, Casper, Syria, 144829904, 997-4991, cbrandin@zonnet.nl, w~b5-2<7yn^, 
Brandin, Ansel, Nigeria, 539515583, 219-4507, abrandin@bluewin.ch, `1a7|o)Z;kFM4}B&, 
Brando, Annette, Ecuador, 831991514, 398-3974, abrando@yandex.ru, v}(YmEf0.A, 
Brecon, Dietrich, Austria, 852192614, 444-8483, dbrecon@wanadoo.fr, anJVV(tnI[FP}5EY, 
Brecon, Rianon, Italy, 439603219, 444-8049, rbrecon@optonline.net, 4<#:q.3, 
Breem, Taber, Panama, 424617059, 398-6816, tbreem@club-internet.fr, H*z[%9, 
Breem, Conny, North Korea, 247803465, 867-8021, cbreem@gmx.de, l9)5t+3x1, 
Breens, Wallas, Denmark, 253433063, 270-9154, wbreens@hotmail.fr, NXRe!8cx6Fv-*, 
Brigstock, Maurita, Seychelles, 414189396, 925-4495, mbrigstock@cox.net, Y*WwN]n/<Za\o}e~, 
Brinsden, Bondon, El Salvador, 198152167, 209-1636, bbrinsden@gmx.net, 5;>`>xt, 
Brinsden, Rodrigo, Guinea, 900833386, 997-7122, rbrinsden@windstream.net, $gg0A<Ts, 
Broe, Olivette, Iraq, 760063084, 398-1629, obroe@hotmail.com, 6N+lWo(Ud!~D.k, 
Broe, Clywd, Brazil, 683674895, 908-2516, cbroe@yahoo.com.sg, %yNqM?"bz2, 
Broe, Basia, Guyana, 360809773, 925-4591, bbroe@optonline.net, ]b!^<TC, 
Bromidge, William, Venezuela, 165033882, 429-3573, wbromidge@tiscali.it, jCFAe|8g)k;C@JD, 
Bromidge, Dian, Andorra, 804784925, 270-1781, dbromidge@bigpond.net.au, =O!5G%s{g5UVQr)!, 
Brothwood, Albertine, Monaco, 295678776, 398-8475, abrothwood@qq.com, Fj;t1Lj(8hVQCBk2, 
Brothwood, Eva, Estonia, 774515082, 209-4808, ebrothwood@rediffmail.com, eTV@vy|D;>*%, 
Bukowski, Uriel, New Zealand, 258762669, 908-3427, ubukowski@uol.com.br, }sHk8:A^, 
Bulfoot, Hakeem, Cabo Verde, 313431905, 209-9944, hbulfoot@yandex.ru, \Z&JcE/, 
Bumby, Breanne, Vietnam, 452133764, 867-3054, bbumby@bluewin.ch, W)fjp8UU)[L, 
Burcher, Aurel, Chile, 158504292, 270-9057, aburcher@verizon.net, V^I:V^, 
Busswell, Odey, Lithuania, 363581079, 444-7144, obusswell@yahoo.it, kaEEMrU~Xy4O17, 
Busswell, Cesare, Iran, 415233031, 867-7613, cbusswell@ymail.com, 2YM_jPtc-, 
Butler-Bowdon, Friedrick, Nicaragua, 341824130, 908-1304, fbutler-bowdon@live.fr, A;ht)?QMz(:, 
Butler-Bowdon, Waite, Djibouti, 787473146, 398-4236, wbutler-bowdon@wanadoo.fr, XUGA55<=l}m{oXFL, 
Cabane, Natala, Syria, 949622936, 429-9863, ncabane@yahoo.es, KuXEstY]31MDz9, 
Cabane, Giavani, Libya, 420610556, 444-2108, gcabane@hetnet.nl, ]km]KFiP8Yle, 
Caddy, Elana, Vietnam, 523606479, 219-3796, ecaddy@bellsouth.net, rcg\F>*6[j1TO, 
Cahalin, Allyson, Togo, 428342428, 270-9883, acahalin@home.nl, 4-|!r%Y3}, 
Cahalin, Opalina, Belarus, 234363341, 270-8766, ocahalin@frontiernet.net, [Sd|K!p;;;!\, 
Callingham, Reinhold, Bosnia and Herzegovina, 919599372, 925-8492, rcallingham@sky.com, qoe6!ACgz/u1, 
Callingham, Yehudit, Japan, 415737346, 219-8073, ycallingham@cox.net, Q!`9PQ[!hbgg, 
Capstaff, Demott, Maldives, 338962600, 908-7452, dcapstaff@frontiernet.net, f)G8HN0Wb_5"P, 
Capstaff, Annabel, El Salvador, 567149078, 219-3975, acapstaff@yahoo.com.au, &z4cP(/:CAhqs@:y, 
Capstaff, Artur, Slovakia, 809764980, 444-5490, acapstaff@optusnet.com.au, `#X4s49", 
Carmo, Loren, Papua New Guinea, 303059261, 997-6507, lcarmo@centurytel.net, Se7bm], 
Carthew, Selene, Morocco, 236971908, 908-1854, scarthew@juno.com, %lFh=W@, 
Casper, Northrop, Poland, 615018069, 219-8992, ncasper@yahoo.com.br, D|`VS|^INb, 
Caulket, Kissiah, Uruguay, 633871665, 398-6007, kcaulket@bluewin.ch, CZqNn_x$, 
Caves, Patricio, Somalia, 175130342, 997-5297, pcaves@skynet.be, LIHh-2UI, 
Charles, Karyl, Zimbabwe, 741440610, 209-7524, kcharles@sky.com, |[MsFG"-l&, 
Charles, Tallie, Fiji, 336008623, 908-4461, tcharles@yahoo.com.mx, Jx]4&178k0*, 
Charles, Hadlee, Slovenia, 234178958, 908-7193, hcharles@rediffmail.com, <eDWiFyDYs, 
Chastanet, Max, Angola, 785584545, 398-1751, mchastanet@yahoo.de, iCD5/M[tJ^'/^f, 
Chastel, Mervin, Chile, 699692876, 925-4694, mchastel@mail.ru, |Z\b6om@T=OL, 
Chatelet, Jaimie, Bosnia and Herzegovina, 279086480, 997-3823, jchatelet@yahoo.co.uk, R+U`6(!, 
Chatelet, Georas, Montenegro, 329482240, 270-5422, gchatelet@planet.nl, M@/h[Ps5K:w3Q|, 
Chatters, Corinne, Madagascar, 534718859, 219-1050, cchatters@yahoo.es, M7Iye#9HU!, 
Chidwick, Kincaid, Jamaica, 955089128, 867-8620, kchidwick@tin.it, +poi]]Q://$y/;P, 
Cino, Haze, Equatorial Guinea, 866753875, 209-5073, hcino@rambler.ru, bE=tCL&:[9dN, 
Cino, Joshuah, Sri Lanka, 284531861, 209-3133, jcino@mail.ru, tiu<-%^\@'', 
Clacey, Orin, Venezuela, 292657521, 997-6837, oclacey@msn.com, OkyuZpd?\c^~, 
Clacey, Helene, Philippines, 966882815, 444-3823, hclacey@freenet.de, 1-B:oLfJ=OL@7X%<, 
Claesens, Mikaela, Malaysia, 481830857, 997-6312, mclaesens@yahoo.de, gZyiw4O$jwx, 
Claque, Mandel, Iceland, 972020847, 270-9229, mclaque@bellsouth.net, }o[I<nlXxJ/SzJE4, 
Clementel, Nadya, Paraguay, 160308425, 209-6599, nclementel@sky.com, :dK=i\, 
Cleminshaw, Bing, Djibouti, 434251885, 997-8725, bcleminshaw@cox.net, .Md~i*TV#, 
Close, Thaddus, Belgium, 845425661, 398-3878, tclose@bol.com.br, yKi7't3iuc, 
Collings, Addi, Trinidad and Tobago, 166355856, 398-7341, acollings@yahoo.ca, G(D$(lZ, 
Collings, Birch, Bahamas, 773766819, 209-3866, bcollings@yahoo.com.mx, 7BNCIXga"{P0, 
Colson, Alan, Peru, 404447885, 398-3835, acolson@yahoo.com.mx, 9Jt6^aQ:?r, 
Comford, Anne, Algeria, 287644996, 398-1440, acomford@me.com, Mcu{@])h.if5, 
Conahy, Jacinda, Spain, 332510512, 908-6808, jconahy@rediffmail.com, u0VI69IFP, 
Conahy, Ree, India, 260507482, 209-4189, rconahy@sky.com, =8[DdcpWTd02, 
Conahy, Sidney, Myanmar (formerly Burma), 879737423, 925-5919, sconahy@tin.it, 9eiV?Wg'q}x, 
Conford, Dru, Ecuador, 944169939, 925-3513, dconford@voila.fr, qT'$9$ApJy>, 
Conford, Becky, Austria, 313714339, 429-3792, bconford@hotmail.co.uk, bS};gw, 
Consterdine, Noni, Romania, 571704617, 209-9669, nconsterdine@juno.com, 'y\qVK1, 
Cornall, Sax, Lebanon, 348573965, 908-8009, scornall@yahoo.co.in, N8DkQ9Xs+za}t=<(, 
Cornall, Bo, Denmark, 715381715, 997-9100, bcornall@arcor.de, 6`i:S(m@, 
Cornau, Pauletta, Burkina Faso, 739717934, 398-9348, pcornau@hotmail.co.uk, Q>0:+Rv#F[*D, 
Courtliff, Gelya, Colombia, 165456454, 270-2926, gcourtliff@neuf.fr, H/p.))gU!i, 
Covolini, Fair, Greece, 848630388, 219-4428, fcovolini@mail.com, !Lw(Gv#9t, 
Cowthart, Tabatha, South Korea, 881114922, 219-9080, tcowthart@comcast.net, 4^5rMhTE[FA6";zJ, 
Crankhorn, Odey, Belize, 111630089, 997-8266, ocrankhorn@facebook.com, XqkMC=9?U`/u&L, 
Crawshay, Selene, Estonia, 512585701, 270-3626, scrawshay@tin.it, ExyTu>!w[h^, 
Crawshay, Kessiah, Chad, 774119948, 867-5962, kcrawshay@gmx.net, ^YNbUwwxgPjS9, 
Crebbin, Hamish, Slovakia, 380707300, 429-3270, hcrebbin@me.com, #'O9P(<, 
Crebbin, Ginnie, Laos, 584011079, 444-3061, gcrebbin@tiscali.co.uk, /i||7C[9B'an, 
Creenan, Marietta, Vietnam, 932450611, 867-3132, mcreenan@bol.com.br, J1p;hS+, 
Creer, Correy, Syria, 321672001, 444-3316, ccreer@juno.com, |a<Tgm8=wCkd0PfB, 
Creer, Rufus, San Marino, 915606032, 398-7086, rcreer@facebook.com, !82gg6Q%^;sH], 
Creer, Lydon, Samoa, 695876005, 444-4778, lcreer@t-online.de, "R/)8~eg{QqN, 
Creighton, Eula, Iraq, 509189291, 908-6116, ecreighton@yahoo.co.uk, C$:Z6J, 
Creighton, Shandy, Ghana, 348894153, 925-3878, screighton@zonnet.nl, q$=Wwr;F?, 
Crisell, Mannie, Pakistan, 919005510, 997-7459, mcrisell@virgilio.it, h;"r5/8#&6=z7l, 
Cronkshaw, Brittaney, Luxembourg, 153367538, 219-9398, bcronkshaw@outlook.com, lCGtz-, 
Cuttler, Cyndia, Dominican Republic, 686913209, 444-8736, ccuttler@rocketmail.com, DjVj)Z, 
D'Almeida, Barnard, Slovakia, 688824910, 444-3515, bd'almeida@ymail.com, VS]Nu7J, 
Daid, Kris, Peru, 757095895, 925-9649, kdaid@yahoo.co.jp, QP-A<d23V3}81, 
Dalla, Heloise, Brunei, 369569792, 209-4111, hdalla@live.com, 7jU'9~k8K, 
Dalla, Glyn, Saint Vincent and the Grenadines, 967214319, 867-2971, gdalla@hotmail.de, aZZoQy]RZO:, 
Dallander, Afton, Belgium, 535077589, 209-2448, adallander@live.nl, 93$-+.xKZ_~G#?$<, 
Dallander, Trstram, Angola, 289344198, 209-7991, tdallander@ntlworld.com, /<aj$+;ZRG, 
Dalliwater, Moira, Kyrgyzstan, 797070757, 219-4675, mdalliwater@rocketmail.com, HB&qq0Zl0^=i2, 
Dalliwater, Debera, Sudan, 999908410, 867-2237, ddalliwater@voila.fr, @@t!DyI_M7+;\F!, 
Dalliwater, Nanine, France, 573194081, 429-6771, ndalliwater@yahoo.it, "zB<X$=r<Bnh&)o, 
Dansken, Carlin, C么te d'Ivoire, 313986157, 209-6818, cdansken@facebook.com, ;Cg>>[e, 
Dansken, Vincenty, Equatorial Guinea, 217372618, 429-9028, vdansken@ntlworld.com, H0*l#2, 
Dauney, Rance, Benin, 173872212, 270-2113, rdauney@outlook.com, +A>IV')c70z=RB, 
De Lorenzo, Alva, Belize, 417303605, 867-3579, ade lorenzo@yahoo.ca, #GR)@U$X, 
De Lorenzo, Guss, Sudan, 299376898, 209-1269, gde lorenzo@frontiernet.net, 8^d.WSlf?, 
De Ruggero, Beale, Bulgaria, 821733683, 867-1979, bde ruggero@sympatico.ca, '5s"+;)vM, 
De Ruggiero, Sileas, Afghanistan, 234946106, 398-1827, sde ruggiero@blueyonder.co.uk, Xp9ws<mvMN, 
Del Monte, Derward, Dominica, 664860959, 398-6884, ddel monte@uol.com.br, suF*=_2McgQ{zY\, 
Del Monte, Ritchie, Guinea, 166458760, 429-2393, rdel monte@live.nl, HKj%KYDg\@", 
Delnevo, Rolfe, Saudi Arabia, 833327612, 444-8414, rdelnevo@charter.net, _&U/HxYCS1, 
Delong, Dante, Bahrain, 270575321, 429-9819, ddelong@yahoo.com.ar, <oH^s48K"yI'?1U, 
Delong, Stormy, Sao Tome and Principe, 249561859, 398-7229, sdelong@yahoo.fr, _'gj)%9'PM@|+, 
Delong, Sidney, Niger, 168961127, 398-5081, sdelong@virgilio.it, $uJeFY&{;vTzl], 
Delong, Savina, Georgia, 461886159, 219-8830, sdelong@facebook.com, 9M+0XGGsA, 
Delong, Caren, Comoros, 116980204, 997-4969, cdelong@ymail.com, 8fUP`*ncrI, 
Denecamp, Luigi, Madagascar, 848374634, 209-2752, ldenecamp@hotmail.it, (cXQ~1\yxgQf$, 
Denisovich, Maisie, Saint Vincent and the Grenadines, 215991275, 270-3772, mdenisovich@hotmail.com, WIh|(c1LxD#o, 
Deveraux, Jessica, Belize, 830832933, 209-2317, jdeveraux@yahoo.com.mx, T|LD;%0B*q, 
Deveraux, Worth, Seychelles, 997666825, 925-1664, wdeveraux@hotmail.com, .&J-@2n6n{d%<wn, 
Deveraux, Nikki, Zambia, 382447445, 398-9124, ndeveraux@neuf.fr, /ioN)iT:<}')wmv, 
Deverell, Syd, Antigua and Barbuda, 172650123, 444-3624, sdeverell@yahoo.com.sg, <<)3wYNf, 
Dexter, Didi, Switzerland, 194924677, 867-6099, ddexter@ntlworld.com, Cupve!9$9~, 
Di Pietro, Glyn, Pakistan, 581690930, 867-4864, gdi pietro@comcast.net, Qa]9GHuLR4J/1w9, 
Di Pietro, Arnie, Cambodia, 684375282, 997-9215, adi pietro@yahoo.co.jp, rr:P@)?M[, 
Di Pietro, Vern, Mexico, 838092951, 997-7062, vdi pietro@orange.fr, :~qva!B\q^C, 
Dightham, Tabatha, Seychelles, 113511382, 429-4451, tdightham@ymail.com, pzD@|A.+Wx, 
Dightham, Myrah, Panama, 229344385, 908-6643, mdightham@bol.com.br, w3OnP0b+e, 
Dimbylow, Cesare, Chad, 256453268, 398-2390, cdimbylow@chello.nl, S\y|Q/P+7fG, 
Dinnies, Dee dee, Bolivia, 110461139, 209-1774, ddinnies@shaw.ca, q^apw=, 
Dinnies, Annelise, Togo, 356640967, 219-4419, adinnies@gmail.com, /jY4Lt+t, 
Disbrow, Griffy, Israel, 134829832, 444-5242, gdisbrow@web.de, Qn)Q/hW3, 
Disdel, Fraze, Canada, 982857589, 270-2906, fdisdel@me.com, iX'=O!8&!!t`U0#p, 
Dockrell, Clement, Italy, 468046387, 270-2042, cdockrell@windstream.net, z@}}eq(\SQn+qvq, 
Dockrell, Christophe, Uzbekistan, 789185712, 925-6414, cdockrell@hotmail.com, sCIYc;?g, 
Dominicacci, Ofelia, Philippines, 261076485, 398-6119, odominicacci@mail.ru, &Wo#4k0YlFHfD70], 
Donett, Saxon, Benin, 313063286, 925-7155, sdonett@blueyonder.co.uk, K;Ih{$<?(gRoebk&, 
Donett, Nikki, C么te d'Ivoire, 891848977, 444-5340, ndonett@orange.fr, PwJ#Unmkh:YQMx, 
Drakeford, Tulley, Finland, 587436217, 997-8447, tdrakeford@rocketmail.com, -Rb=x_, 
Drees, Galen, South Korea, 987077888, 444-3566, gdrees@hotmail.fr, ;oNWs.v, 
Drummond, Ethelyn, Montenegro, 265533764, 867-4339, edrummond@googlemail.com, S)by)]R'J3le, 
Drummond, Hadleigh, Cuba, 103946414, 908-5830, hdrummond@juno.com, 'NBEFT_, 
Dumphries, Roselle, Palau, 144149500, 398-9827, rdumphries@uol.com.br, -3d>u6x, 
Dunderdale, Saxon, Bangladesh, 542907104, 925-5887, sdunderdale@live.co.uk, <6c@Gaf+, 
Dunkersley, Gavin, Mexico, 385145381, 925-2814, gdunkersley@shaw.ca, $f?t!z, 
Dwyer, Jazmin, Tajikistan, 323614417, 429-7821, jdwyer@terra.com.br, g?VOWU#h1J'&, 
Dyball, Chery, Bosnia and Herzegovina, 952327934, 219-2795, cdyball@sbcglobal.net, d>6/'&+_rUyvq$, 
Dyball, Correna, Grenada, 188548359, 270-4943, cdyball@gmx.net, 4xO>{?;3=IUO, 
Eastby, Normand, Czechia (Czech Republic), 914710647, 429-7983, neastby@yahoo.es, #yC4ZCIE7KY-/, 
Eastcott, Laurice, Jamaica, 290185898, 270-4415, leastcott@yahoo.es, ~ILdPk.6, 
Eastlake, Bel, Monaco, 697010431, 398-2220, beastlake@club-internet.fr, _*loQ0~l(yDZ@ug9, 
Eastway, Marita, United Arab Emirates, 165688959, 867-8408, meastway@rocketmail.com, E2$%@>u/HN4MO?%H, 
Ector, Sapphire, Gambia, 533655576, 908-1346, sector@gmail.com, mVJj|:, 
Ector, Seka, Uganda, 338661606, 908-6002, sector@live.com.au, Thb1PnysUA/, 
Egglestone, Sylvia, Central African Republic, 275541128, 925-9776, segglestone@free.fr, mJ)Q}Xy~l-g., 
Ellif, Tobi, Netherlands, 661255808, 219-9445, tellif@home.nl, _~6lIx03, 
Ellif, Teodor, Spain, 959123913, 429-8096, tellif@sky.com, OK*o%}, 
Elnor, Kassie, Zimbabwe, 345975358, 429-7894, kelnor@home.nl, i55#CW"v, 
Elnor, Kincaid, Samoa, 872974164, 997-7583, kelnor@gmail.com, bgZKUUvJ4}.BLrd\, 
Erbe, Burton, Sudan, 234143998, 209-8028, berbe@live.ca, P?/c&x`QW(91f&1R, 
Espine, Cordy, Afghanistan, 581387902, 429-1147, cespine@yahoo.com, 8\@SFg^, 
Espine, Fonsie, Malawi, 842585312, 925-6136, fespine@yahoo.fr, 'OS-.^F4., 
Espine, Alverta, Fiji, 920041614, 270-5538, aespine@ig.com.br, zw?s!SD, 
Etherington, Clerkclaude, Holy See, 825663448, 429-4805, cetherington@blueyonder.co.uk, yML80En, 
Etuck, Ardith, Malta, 844941743, 867-6261, aetuck@alice.it, 8-r7.VGD+|s[k, 
Evequot, Kandace, Botswana, 301621158, 270-8596, kevequot@charter.net, KI2'WYrjy6G4&b, 
Evequot, Eb, Cyprus, 716464582, 398-4625, eevequot@hotmail.es, '.:;j4G, 
Ezele, Albertine, Bangladesh, 803682789, 997-6178, aezele@orange.fr, ?!'FaW1@R, 
Fadell, Adelina, Guinea, 813947041, 867-5094, afadell@aol.com, qzu_Mcnj3t=pL0Zh, 
Fairy, Vern, Slovakia, 944988156, 997-5584, vfairy@yahoo.es, $y12j-h20X`<bv, 
Farrow, Mavra, Honduras, 490868264, 444-1424, mfarrow@tiscali.co.uk, 159M]3#<zd8$xw', 
Farrow, Demetra, Israel, 484585327, 398-3960, dfarrow@yahoo.ca, 9XP2pB}K9N*c+2Zp, 
Fasham, Newton, Comoros, 971358132, 867-3348, nfasham@yahoo.co.uk, HWQupX(zxrcO, 
Fasham, Chery, Somalia, 395258504, 209-8749, cfasham@tiscali.co.uk, #BmlwldU1HEiF, 
Feaster, Daryle, Eswatini (fmr. "Swaziland"), 354731157, 429-8005, dfeaster@sympatico.ca, {ME{0[2>|, 
Feaster, Shandy, Slovakia, 202547689, 444-3764, sfeaster@tin.it, )P&>d\FHKJ'e(Sm^, 
Featherstone, Celestyna, Papua New Guinea, 302882606, 270-3566, cfeatherstone@sky.com, K%rKgcq5_, 
Febvre, Ezri, Albania, 587602186, 997-4126, efebvre@live.co.uk, [6U`)~r, 
Febvre, Adrea, Russia, 960228810, 219-4386, afebvre@orange.fr, \=">uq{/i3zSw", 
Feldman, Sharon, Dominican Republic, 201751284, 270-6639, sfeldman@wanadoo.fr, +mCZ#dvyEs;, 
Feldman, Daniella, Norway, 232818205, 209-7636, dfeldman@aim.com, VVS6%{D@nF9v^zV!, 
Felipe, Jeffry, Saint Vincent and the Grenadines, 424178032, 209-7050, jfelipe@zonnet.nl, v<ur2_fHSEwb, 
Fenlon, Martin, Kyrgyzstan, 289552293, 209-9418, mfenlon@optonline.net, P+\HCS=lbiR$V, 
Fer, Red, Sudan, 523696827, 429-4985, rfer@club-internet.fr, yf3\ku:E, 
Ferier, Lottie, Democratic Republic of the Congo, 683202274, 219-4646, lferier@hotmail.es, (qxN@rDD:W, 
Ferier, Janek, Tuvalu, 737594307, 209-1807, jferier@orange.fr, V6;XNCe7~_q}8, 
Ferier, Hadlee, Micronesia, 404752628, 209-9201, hferier@yahoo.co.uk, gx&la[c1qO>Y, 
Fidal, Milton, Democratic Republic of the Congo, 575745488, 908-8619, mfidal@live.com.au, ER4!kBkjG!zXc, 
Filmer, Atalanta, Serbia, 283827549, 219-3528, afilmer@tin.it, X%:iuW{d=, 
Filmer, Otis, Burkina Faso, 153178406, 398-7722, ofilmer@yahoo.co.id, xOQ4^$R_T!9?, 
Finden, Kordula, Vanuatu, 304290255, 925-2293, kfinden@uol.com.br, f(L@vC|+w-\bM;c, 
Finden, Hi, Timor-Leste, 340477773, 867-8652, hfinden@aol.com, A<-50x8H6^<>Rh(, 
Fishley, Noach, Kuwait, 732561210, 867-8985, nfishley@live.com.au, =S0gc03T5~RO(?, 
Flann, Arnie, Malta, 445048095, 398-1327, aflann@outlook.com, f0c.2ypug|Ji-Sh, 
Fleury, Mina, Monaco, 310576770, 429-5414, mfleury@yahoo.co.id, uz5R&&L3t<, 
Fleury, Fraze, Greece, 521268023, 209-7549, ffleury@yahoo.fr, .>HRGb/Sx@M`, 
Flode, Joshia, Jamaica, 263641238, 398-3684, jflode@rambler.ru, UfnQN}g)Cqi(A, 
Flowith, Gabby, Nauru, 651008693, 867-8339, gflowith@me.com, =jBGCUR@7TdHL, 
Foakes, Kirk, Saudi Arabia, 106824859, 209-6117, kfoakes@skynet.be, O}_y\3\YV-`.H?, 
Foakes, Loren, Singapore, 323950723, 444-1354, lfoakes@yahoo.com, 4~$I4?M%HX<, 
Foakes, Winni, Trinidad and Tobago, 305655781, 429-6052, wfoakes@yahoo.co.jp, K|TL-Xqu14My4e, 
Fodden, Cirstoforo, Bahrain, 437245745, 398-2616, cfodden@ymail.com, D0TeVa, 
Forder, Bing, Argentina, 124047996, 908-7785, bforder@bellsouth.net, W84o=9YU7, 
Fountaine, Bonnibelle, Norway, 653808027, 270-1183, bfountaine@frontiernet.net, `_/LB_E?Az.C%_, 
Fountaine, Shaylah, Zimbabwe, 888250444, 219-3384, sfountaine@sympatico.ca, K7CPmJrCz{N, 
Franceschi, Hubey, Latvia, 323712350, 997-9097, hfranceschi@sbcglobal.net, U8vb<_, 
Francombe, Anne, New Zealand, 899336349, 908-2424, afrancombe@terra.com.br, /XN$i;wn1, 
Franzotto, Jemmie, Denmark, 976456903, 444-7233, jfranzotto@yahoo.ca, AHw.r|\g+aMQ<, 
Franzotto, Shae, Tuvalu, 797235483, 270-9507, sfranzotto@shaw.ca, Wm"?4OiJ?XEE<, 
Frearson, Hendrika, Malaysia, 432773059, 444-4588, hfrearson@att.net, E(R~Em0GK, 
Friedman, Kippar, Hungary, 304201069, 270-2070, kfriedman@msn.com, =BcT?PD~, 
Fronek, Jodie, Kiribati, 378175617, 429-8255, jfronek@verizon.net, UzB2~@4pQON%W1~, 
Fulker, Billy, Ethiopia, 197753261, 398-5655, bfulker@qq.com, s@$!Mot, 
Furmenger, Rand, Iceland, 341641751, 997-3875, rfurmenger@voila.fr, !bgoHV', 
Fursey, Jeramey, Dominican Republic, 222932288, 398-9353, jfursey@sympatico.ca, OC61T\T}PTl, 
Fursey, Jobina, Colombia, 494100857, 908-2592, jfursey@msn.com, `'>fZW%}sq/5Tu3, 
Gardner, Waiter, Slovenia, 942811797, 398-6334, wgardner@live.com, Mo%]'eR'kl, 
Gardner, Les, Mali, 563807234, 398-2400, lgardner@gmail.com, 4DoTqy~43, 
Garric, Benjy, Solomon Islands, 229621931, 867-9528, bgarric@terra.com.br, 5.0^bejPb, 
Garric, Leona, San Marino, 827310940, 270-7665, lgarric@aim.com, .T/)d33e__*Ya, 
Gebbe, Trstram, Iraq, 203610071, 219-4806, tgebbe@aol.com, K<'!i`w|zWj, 
Gebbe, Janifer, Benin, 740695190, 209-7279, jgebbe@live.fr, l'SxEv!Ro%Po-\T, 
Gebbe, Carolyne, Greece, 202871502, 908-5137, cgebbe@yahoo.co.in, <u]fH.A>, 
Gebbe, Maryjo, Senegal, 890517973, 429-6705, mgebbe@yahoo.co.in, p\Cs%MHV}Ur.vjqX, 
Gebhard, Griffith, Monaco, 138454414, 997-5997, ggebhard@libero.it, \nt7T[/fc{.$, 
Geeraert, Margie, Hungary, 870368551, 925-1341, mgeeraert@hotmail.it, f9@-]8ql@, 
Gemson, Casi, Turkmenistan, 880446925, 429-6606, cgemson@live.com, mh\{p+t], 
Gheeorghie, Shandy, Guinea, 757103124, 219-6259, sgheeorghie@bigpond.net.au, 3<sF>3b, 
Gheeorghie, Benedikta, New Zealand, 816167332, 444-8865, bgheeorghie@tiscali.co.uk, 00jy{z, 
Gheeorghie, Hamnet, Zambia, 181328713, 925-3720, hgheeorghie@mail.ru, ]fN~F!5w41%3b, 
Giblin, Aleksandr, Luxembourg, 225443968, 398-3197, agiblin@arcor.de, JAs7VL+B#, 
Gildea, Etta, Benin, 325184120, 429-5702, egildea@t-online.de, kc#w]R[`=o, 
Gillbe, Belinda, Uzbekistan, 919411506, 997-2094, bgillbe@sky.com, pWn{a@NKy7', 
Gladdis, Gregory, Namibia, 722446444, 997-9352, ggladdis@blueyonder.co.uk, 16$$Ad/%Ek[F, 
Gladdis, Mora, Saint Vincent and the Grenadines, 339150768, 219-6164, mgladdis@blueyonder.co.uk, Jp'vHOL3(:\Co/#y, 
Glander, Leoline, C么te d'Ivoire, 463722895, 219-1206, lglander@uol.com.br, E9)e2MT7T0z3Ah9u, 
Glassborow, Sax, Bosnia and Herzegovina, 151966463, 219-3786, sglassborow@yahoo.co.id, <J]7%)y5y:qL;`, 
Glastonbury, Yancy, Sweden, 178012497, 867-4892, yglastonbury@live.nl, <9'B+xl, 
Glastonbury, Will, South Sudan, 926102609, 270-1370, wglastonbury@hotmail.es, oiQ".~!%Vv2z^0NF, 
Glazyer, Ive, Israel, 648437537, 908-2240, iglazyer@yahoo.co.uk, c2~2-JT, 
Glazyer, Marijn, United States of America, 679507503, 925-9852, mglazyer@outlook.com, a_E+aiSq, 
Glenton, Wakefield, Jamaica, 743324176, 867-9207, wglenton@live.nl, py0^._, 
Glenton, Raf, Austria, 232629780, 444-9644, rglenton@hotmail.es, LSQB&B~1+o3?Ma, 
Gollin, Stephi, Andorra, 907315047, 997-4526, sgollin@tiscali.it, Y=)@~Qz=, 
Goodban, Bernhard, Croatia, 192838847, 219-1239, bgoodban@hetnet.nl, E=#nG]b$t, 
Goodban, Aleksandr, Iraq, 102504178, 444-9988, agoodban@gmx.net, 1<"+7l'H5vC, 
Goodban, Roselle, Serbia, 512011129, 270-4889, rgoodban@facebook.com, &`!QeJdcf, 
Gooddie, Sheelagh, Libya, 345382704, 219-2474, sgooddie@qq.com, p>HAb8tAH~F, 
Gooddie, Sol, Czechia (Czech Republic), 401795088, 997-8503, sgooddie@club-internet.fr, L(Ce-ASPD.LQdF7i, 
Gooddie, Titus, Hungary, 203180548, 398-1221, tgooddie@live.nl, oev+qGmP4TV, 
Goodluck, Phillie, Libya, 537051953, 867-6855, pgoodluck@live.co.uk, Bpv=lja+1s(u"N8, 
Gosenell, Welsh, Tajikistan, 776195195, 908-2469, wgosenell@mail.ru, S{R\GZ*=)<*#&E, 
Gotcliffe, Jemmie, Belarus, 978413934, 209-2582, jgotcliffe@gmail.com, 5$*?k53;, 
Gotcliffe, Sterling, Egypt, 246243684, 398-5465, sgotcliffe@orange.fr, v6<?>411, 
Gothliff, Peggi, Gambia, 449281413, 209-3116, pgothliff@shaw.ca, DfaT|;, 
Gothliff, Shanon, Slovakia, 793612170, 925-7931, sgothliff@mac.com, ACBm"jLhh8;w>2RN, 
Graveson, Dar, Saint Vincent and the Grenadines, 256246677, 270-9383, dgraveson@gmail.com, Icpx/w}-.FS2~, 
Graveson, Paxton, Morocco, 642030655, 398-2019, pgraveson@live.co.uk, RV.6JNg=b{, 
Graveson, Janifer, Bulgaria, 579605560, 925-1251, jgraveson@yahoo.fr, +av9viqjhf@h, 
Graveson, Hill, Micronesia, 812870036, 444-4118, hgraveson@sfr.fr, ;^T[4%0vUA_, 
Greenhowe, Valma, Singapore, 875417873, 997-5917, vgreenhowe@orange.fr, jPTd>]q?xWE, 
Greenhowe, Buddy, Honduras, 397898752, 908-8031, bgreenhowe@hotmail.es, U&RfB&\Qs+R?G, 
Greenhowe, Granger, Cuba, 965524865, 270-1975, ggreenhowe@sbcglobal.net, e9pxDPX:}, 
Greystock, Jodie, Qatar, 702859928, 270-2091, jgreystock@yahoo.de, Hu/K:K'qK%3, 
Gristwood, Brittaney, Benin, 227454328, 925-5951, bgristwood@voila.fr, I^L\}4G, 
Gristwood, Renado, Serbia, 172778596, 398-7764, rgristwood@hotmail.fr, qfXW.?Q*'AT, 
Gueny, Mychal, Iran, 422761749, 997-5015, mgueny@yahoo.ca, \hl`1Z, 
Guilleton, Cirstoforo, Somalia, 742003878, 908-1570, cguilleton@live.nl, )1+55w'IHgEY!, 
Guilleton, Merry, Malawi, 188566858, 444-3538, mguilleton@qq.com, gX(@8&`zi}0y0, 
Gwilliam, Joe, Iceland, 470737053, 209-4646, jgwilliam@chello.nl, #p0gmBZJMf^lGiP, 
Haggerwood, Peggi, Gabon, 888186480, 444-5894, phaggerwood@yahoo.com.au, aN8NQK4.aa>MYr, 
Hakey, Renata, Haiti, 412841663, 997-3411, rhakey@voila.fr, ;etjBz{, 
Hallahan, Isadora, Nigeria, 127535811, 429-1895, ihallahan@aol.com, #C5ml8_:8\, 
Hallahan, Libby, Burkina Faso, 244177751, 429-4085, lhallahan@yahoo.com.mx, lwM=dH@EzH+G0_wc, 
Hallahan, Rance, Djibouti, 606942341, 209-8979, rhallahan@optonline.net, nr5F;oAg`.h!%0, 
Hames, Myrta, Paraguay, 963465660, 925-3325, mhames@free.fr, S`>Y]nqOR<M9v, 
Hamley, Hendrika, Zambia, 176810012, 908-2417, hhamley@yahoo.co.uk, Ddx4Xhn*R7Y4Fi, 
Hamley, Claudia, Morocco, 342744428, 398-5665, chamley@laposte.net, |!QYJD, 
Hamlin, Eloise, Bulgaria, 806833374, 444-1851, ehamlin@live.ca, +:Zn=*L*.;, 
Haney, Janek, Bosnia and Herzegovina, 530301183, 997-1487, jhaney@yahoo.in, H"?N$~A%<(!5#Pj, 
Hanna, Moria, Belize, 279952559, 398-4132, mhanna@voila.fr, Q"Wz+w!{WOel@HK, 
Haresnape, Vin, Guyana, 719910284, 908-1203, vharesnape@yahoo.com.sg, <l%)JaX, 
Hartless, Maybelle, Saint Vincent and the Grenadines, 564661174, 997-4647, mhartless@mac.com, dfz:c@w, 
Hartless, Siobhan, Liberia, 612935173, 429-1268, shartless@earthlink.net, j2f9\', 
Harty, Jacinda, Burundi, 527961309, 270-2896, jharty@charter.net, >brQsDM3Gtb2, 
Hattam, Diandra, Spain, 273845528, 925-7379, dhattam@yahoo.co.uk, yimLN3{]ZC~`O+*, 
Havile, Lottie, Iran, 420129986, 398-4777, lhavile@yahoo.co.in, RK+y\6$\k9MH(GN(, 
Hazell, Casi, Kiribati, 411270210, 209-9738, chazell@yahoo.com.sg, :9!:0"!ymp#|p_, 
Hazell, Gene, Dominica, 219471831, 398-8238, ghazell@t-online.de, c9ah@*%%4Ya, 
Helsby, Lavinia, Oman, 913165203, 444-7271, lhelsby@yandex.ru, 6YXlePrT->JPx)V&, 
Hember, Ferne, Zimbabwe, 918264801, 908-8652, fhember@ntlworld.com, 9Pv9vdb=, 
Hember, Diandra, Grenada, 724488804, 997-6365, dhember@aol.com, @Q<@zwHgD<, 
Hemerijk, Shea, Andorra, 131797565, 209-5499, shemerijk@rediffmail.com, QeFM\G5W)J!UZ%, 
Hemms, Cobbie, Serbia, 711761996, 908-6263, chemms@uol.com.br, }Xfa_Twqi%', 
Henkmann, Karlee, Iceland, 669046683, 398-7215, khenkmann@yahoo.com.ar, p;'o_^g\]X;:p\, 
Henner, Malinde, Finland, 263673151, 867-8372, mhenner@hotmail.es, #f$WTEE0&, 
Henner, Hadria, Turkmenistan, 962015452, 444-6748, hhenner@yahoo.co.in, IkvGWtW?Ujtk&h, 
Heyworth, Justin, Morocco, 574102675, 209-5188, jheyworth@bigpond.net.au, !O~yMzmcTFPT2]C>, 
Hillam, Vita, Bahrain, 746019278, 270-4883, vhillam@gmx.net, >"SSX>&'^+n%(, 
Hillam, Lynsey, North Macedonia, 217339482, 908-8114, lhillam@sympatico.ca, ".0EO=7GHY;MA|$, 
Hindge, Shandy, Madagascar, 765511559, 270-6927, shindge@sympatico.ca, o+dT%sCL@ML, 
Hindge, Cesare, Micronesia, 209972926, 209-7393, chindge@freenet.de, m[wxUk, 
Hindge, Peggi, Nepal, 225703759, 867-3154, phindge@live.nl, d0"LGqL, 
Hitter, Etta, Panama, 676998343, 925-8286, ehitter@yahoo.com.mx, b(SK|9d%!//<o, 
Hitter, Burton, Chile, 100349937, 219-2470, bhitter@yahoo.com, pV92>n;2, 
Hoggin, Dyan, Romania, 249378337, 867-5315, dhoggin@msn.com, vs'u;b, 
Hoggin, Kirby, Djibouti, 131036126, 429-9551, khoggin@mail.com, @h0AZjC]|{x"zy, 
Holliar, Bentlee, Greece, 323325975, 925-4520, bholliar@neuf.fr, Oo(vJv, 
Holliar, Roxana, Netherlands, 517403375, 997-5009, rholliar@yahoo.com.sg, *Zfis~euPNBXRxu], 
Horbath, Antoine, Ethiopia, 163999548, 997-9897, ahorbath@hotmail.it, CH0A\z"cRUIq, 
Horburgh, Fanni, Mauritius, 339304487, 908-7884, fhorburgh@gmail.com, #*4+'o:%c, 
Horburgh, Morris, Saint Kitts and Nevis, 622839582, 209-4255, mhorburgh@chello.nl, #tQA2H4, 
Hought, Don, North Korea, 314847299, 997-8722, dhought@hotmail.co.uk, <>-e7'HLccJo~U, 
Houltham, Becky, Belize, 757655733, 429-5607, bhoultham@mail.com, ?o%<Ym8Nq+hM^VrG, 
Houselee, Barrie, Eritrea, 901291747, 429-3285, bhouselee@verizon.net, r*[O<2zdW/Cg, 
Houselee, Daren, Azerbaijan, 453385110, 270-4263, dhouselee@yahoo.com, ElCo1ct)hT&, 
Huddy, Dalli, Suriname, 723833911, 444-7933, dhuddy@mail.com, rL'u\9E\KI(}yb=y, 
Hughf, Graehme, Sweden, 974028996, 444-6610, ghughf@optusnet.com.au, /T<G]ocsR2F!|NE, 
Hughf, Jase, Saint Vincent and the Grenadines, 712895067, 997-7238, jhughf@freenet.de, F"^dEd{[cXR)w~pA, 
Hugill, Jeffry, Eritrea, 421300712, 429-8543, jhugill@comcast.net, KEtR0sDe|f?, 
Hullin, Joshuah, Azerbaijan, 544158301, 429-8028, jhullin@aim.com, C~W?%arU, 
Hullin, Ginni, Tuvalu, 379724334, 908-9897, ghullin@msn.com, ~#49"i, 
Iacovides, Justin, Slovakia, 755985191, 219-7760, jiacovides@live.ca, n6kQ>"X$, 
Iacovides, Kameko, Ireland, 958118234, 908-1220, kiacovides@yahoo.co.in, =VLr0NZ\3|EUJBA;, 
Iacovides, Rand, Ghana, 426497922, 219-6465, riacovides@yahoo.it, 4W^b;8|"ra`A-, 
Iacovides, Shandie, Saint Kitts and Nevis, 662823723, 429-4808, siacovides@bigpond.net.au, jnE=G@bg2}vt|, 
Iacovides, Melessa, Grenada, 459108375, 219-2138, miacovides@live.com, vuZUyNfC4K, 
Igo, Leonard, Myanmar (formerly Burma), 124801876, 219-2049, ligo@tiscali.it, lG3>X:%6N@yFq:, 
Igo, Gar, Pakistan, 168680459, 444-4084, gigo@yandex.ru, 1[{{H_90LO*yQF, 
Innett, Delila, Iraq, 253548444, 908-3891, dinnett@sky.com, ra<&VT'kFuy1Q[, 
Ionn, Kylen, Romania, 394471911, 908-2787, kionn@telenet.be, yg}'.\p!, 
Ivanenko, Savina, Panama, 107444981, 925-1735, sivanenko@outlook.com, /[/l{8"bL~<@b, 
Ivanenko, Cindelyn, Nepal, 990325783, 209-2123, civanenko@centurytel.net, s}pVGgR(3NX0, 
Ivanitsa, Guglielma, Burkina Faso, 403688051, 997-7548, givanitsa@qq.com, ;GB4F`1Dd|VUKy, 
Iverson, Mechelle, Brazil, 116455562, 270-8079, miverson@orange.fr, V8K>);WufD=5{, 
Iverson, Rubina, Thailand, 363810615, 908-3993, riverson@yahoo.com.br, mLc].iiwry\$H#, 
Ivons, Clement, Lithuania, 388056328, 444-9266, civons@comcast.net, >X]H2k|ZRV?LY, 
Ivons, Purcell, Djibouti, 908156001, 908-3410, pivons@windstream.net, 6L~iLM, 
Jakeway, Correy, Rwanda, 282246127, 270-8460, cjakeway@terra.com.br, K)p;~!Mb[, 
Jakeway, Rhoda, Kenya, 986419808, 398-1196, rjakeway@yahoo.es, FvGC4{tQQj, 
Jamieson, Sallyann, Germany, 120432110, 925-1257, sjamieson@blueyonder.co.uk, 5>?tT{., 
Jamieson, Issiah, Indonesia, 232051582, 270-7004, ijamieson@yahoo.com.au, YJ_$$9mIrvi_c-, 
Janacek, Veronike, Finland, 883137418, 908-6636, vjanacek@bigpond.net.au, W?'#veS9, 
Janiak, Vinny, Iran, 679159539, 908-7682, vjaniak@rocketmail.com, *CPI/aS(A7IR, 
Jarville, Arther, South Sudan, 998675331, 209-6863, ajarville@planet.nl, LQt5[f}.', 
Jedryka, Merry, Comoros, 547498823, 219-8707, mjedryka@neuf.fr, XM\s;d, 
Jedryka, Randene, Ethiopia, 257290577, 997-9233, rjedryka@ntlworld.com, uI)~q+uIYS5~8P, 
Jellico, Filia, Botswana, 322549294, 925-7717, fjellico@bellsouth.net, ""^Rt@K&IJ, 
Jellico, Eula, Democratic Republic of the Congo, 954037210, 429-7048, ejellico@gmx.net, d^b4c]qO@5tR3e>, 
Jermyn, Finlay, Democratic Republic of the Congo, 296807716, 867-1023, fjermyn@tiscali.it, ;v(BY!, 
Jermyn, Laura, Haiti, 904608262, 908-1542, ljermyn@freenet.de, D-fY_R~QPWk/m4W, 
Jerred, Chuck, Mauritania, 526394421, 997-6837, cjerred@live.com, %o%'[g/$dx, 
Jina, Lusa, Slovenia, 983122045, 925-3173, ljina@ig.com.br, 4J1#U7yI[K2!, 
Jina, Yorke, Equatorial Guinea, 206263012, 270-2366, yjina@yahoo.com.au, mccM{), 
Johantges, Sheri, Palestine State, 623194047, 867-3090, sjohantges@msn.com, .ot-t}z, 
Johnstone, Anitra, Qatar, 377072707, 398-7040, ajohnstone@live.com, @s7n.hkoQ`VAP, 
Johnstone, Dante, Netherlands, 923839559, 429-6342, djohnstone@blueyonder.co.uk, iH$*h{, 
Jorez, Amalia, Lebanon, 302818262, 209-7419, ajorez@yahoo.com.mx, /wUc9c4Af-I6, 
Juliano, Hussein, United Arab Emirates, 157060987, 997-6971, hjuliano@wanadoo.fr, WjR>NNekUc1fho, 
June, Adelina, Guinea, 634389937, 925-2835, ajune@live.co.uk, u|<znB%, 
Jurgensen, Ethan, Kiribati, 945318908, 219-7378, ejurgensen@tin.it, NO!6V|J, 
Jurgensen, Kelley, Saint Kitts and Nevis, 999906078, 429-8246, kjurgensen@bigpond.com, 9-Cnzp, 
Kale, Shanie, Tanzania, 565864481, 429-1566, skale@live.com.au, G4M?y2Mkb5, 
Kays, Rahel, Nigeria, 590371616, 997-8607, rkays@googlemail.com, oob-{F7, 
Kays, Cobbie, Central African Republic, 352247220, 219-5890, ckays@windstream.net, WE5hyoH^4.j9[u8%, 
Keam, Elwin, Ghana, 864324635, 997-4546, ekeam@bigpond.com, .0vV@)M:C)W72, 
Keford, Avivah, Eritrea, 425538804, 444-8414, akeford@rediffmail.com, n?9;zGs+lP, 
Keford, Alric, Benin, 878149891, 429-2450, akeford@rambler.ru, 4rzz~!I]O<ER+i/, 
Kehri, Edmund, Belarus, 380513515, 398-2071, ekehri@hotmail.it, Pf<_)2iNMN[xm, 
Kemble, Yehudit, Greece, 978405211, 209-6486, ykemble@live.it, &"W[f#, 
Kennady, Lin, Cambodia, 443608828, 867-7333, lkennady@yahoo.de, Pg}*[+EIN, 
Kerman, Rodrigo, Cuba, 479937264, 997-7860, rkerman@facebook.com, \]huX8"b[58]JV, 
Kerslake, Sigmund, Slovenia, 261493215, 270-2729, skerslake@shaw.ca, uhU{f#E, 
Kerslake, Jodie, Sao Tome and Principe, 753143030, 398-2398, jkerslake@t-online.de, n<NE04Q[{yO, 
Kerss, Veronique, Tajikistan, 632072699, 925-8465, vkerss@me.com, }!u"6Dn*&yTaJ|, 
Khomishin, Fonsie, Iran, 257418418, 997-5412, fkhomishin@msn.com, I0vKyA2, 
Khomishin, Gavin, Italy, 401517686, 867-1782, gkhomishin@hetnet.nl, Z%J?iH&, 
Kirtley, Kirby, Ghana, 756654004, 908-9910, kkirtley@wanadoo.fr, s]P02h]28/]nm9*, 
Kitchenman, Gnni, Chile, 598295499, 925-7725, gkitchenman@live.ca, =x#[p{Ie, 
Kitchenman, Erminie, Guinea-Bissau, 410554844, 997-6802, ekitchenman@rambler.ru, S[o[ol7eKAjl~wY, 
Klas, Emiline, Chile, 239457669, 398-8200, eklas@juno.com, 7sawtn, 
Klas, Gnni, Palestine State, 734043067, 429-1628, gklas@tin.it, ymxl4nF\G-, 
Klas, Dede, Morocco, 488876831, 270-2513, dklas@chello.nl, Z">cB{2{ciTU'#8, 
Kobel, Winnie, Bahamas, 213463042, 219-5297, wkobel@yahoo.com.mx, Jo<Fp?'n(MSzEE, 
Koenraad, Newton, Oman, 440573924, 925-5860, nkoenraad@yahoo.com.sg, $plSqqh+(&, 
Koenraad, Aubert, Malaysia, 163980824, 209-6300, akoenraad@arcor.de, fr1:)BB., 
Koenraad, Wat, Mongolia, 746806931, 398-9370, wkoenraad@blueyonder.co.uk, 0}y}t-, 
Korneichuk, Vivia, Saudi Arabia, 247919986, 444-5660, vkorneichuk@bigpond.com, E=xVE/, 
Korous, Sterling, Oman, 192277052, 398-5957, skorous@sbcglobal.net, *v_>Ez(.w, 
Korous, Minnaminnie, Israel, 247502939, 444-7289, mkorous@skynet.be, !pcbMm, 
Krier, Renata, Hungary, 167966707, 429-1746, rkrier@live.fr, `PQ>2x~zC*X\o, 
Krier, Cyndy, Algeria, 563056687, 908-5035, ckrier@rambler.ru, nvekM;8GAS, 
Kuhnt, Ofelia, Japan, 599420311, 429-8263, okuhnt@mail.com, 3VPrfc>~tQ, 
Kunkler, Mellie, Switzerland, 911401051, 398-2813, mkunkler@yahoo.com.br, >rXkUgb1B'@YL^, 
Kyle, Hi, Turkey, 862167172, 219-7310, hkyle@sfr.fr, x@+XOKxr(.KxCf, 
Lacasa, Barnard, Turkey, 504765852, 209-9459, blacasa@yahoo.co.id, 2>geb0s_qN)UY=}Q, 
Lacasa, Nikki, Moldova, 812413306, 925-7398, nlacasa@live.ca, NoRZyTGMztpP, 
Lackie, Riannon, Samoa, 983799426, 444-8794, rlackie@mac.com, _XQbsVseG, 
Lackie, Erminie, Mauritius, 620144770, 867-6144, elackie@tin.it, +E]es), 
Ladlow, Anitra, South Korea, 382761981, 209-9038, aladlow@wanadoo.fr, ^zgHQc2^04Uz::, 
Ladlow, Phillie, Lebanon, 847041119, 209-3165, pladlow@skynet.be, 7%Uxt', 
Lambkin, Kylie, Holy See, 472315265, 997-3566, klambkin@bigpond.net.au, V*{?0}, 
Lamperti, Noble, Benin, 624183202, 429-3732, nlamperti@alice.it, CQvcM9-"n, 
Lamperti, Marcille, Andorra, 846386059, 398-1578, mlamperti@live.com, dd"dLC!|s)d<, 
Langsdon, Mechelle, Mexico, 667658884, 209-7878, mlangsdon@uol.com.br, 5ryD>j, 
Larmor, Minnaminnie, Equatorial Guinea, 432764442, 209-7538, mlarmor@frontiernet.net, `J'O.h9@, 
Larmor, Tobi, El Salvador, 157718659, 270-4569, tlarmor@live.ca, fG!xw;Bnyu]YN?, 
Lauks, Nial, Palestine State, 112920245, 908-9090, nlauks@live.com.au, W9[*~53I(F"fC, 
Le Marquand, Malvina, North Korea, 288068804, 398-9012, mle marquand@hotmail.it, 8dysy5\yq}%, 
Lea, Sigrid, United Arab Emirates, 417662732, 925-6544, slea@gmx.de, A9\mc-, 
Leatt, Patricia, Morocco, 287257597, 444-5403, pleatt@optonline.net, V/l#>.l], 
Ledstone, Pammi, Venezuela, 183987086, 997-5786, pledstone@laposte.net, &M-x"t&!<, 
Leftly, Annabel, Guinea, 852839639, 209-2418, aleftly@yahoo.es, /^;#*0zn1)2t4, 
Leftly, Timmi, Bahrain, 139413554, 398-7997, tleftly@bigpond.com, q]fglt6#p], 
Legging, Savina, Cameroon, 902253823, 908-2674, slegging@juno.com, &Ut(8%sL+-, 
Leibold, Casi, Zimbabwe, 245069410, 270-8291, cleibold@virgilio.it, N;HDYaBD?g~?d, 
Leidecker, Franny, Tajikistan, 807993881, 429-9375, fleidecker@t-online.de, *$Z>0d{r, 
Leidecker, Janella, Bahrain, 745214815, 219-9718, jleidecker@uol.com.br, w:xFdL#, 
Leipelt, Melinde, Dominica, 206981092, 867-4940, mleipelt@free.fr, `e%OY8F.M~H2A5;, 
Leipelt, Saundra, Tunisia, 832045611, 867-1485, sleipelt@optusnet.com.au, zM413[QY2;pC8uS, 
Lenihan, Aggie, North Macedonia, 754702499, 209-2990, alenihan@arcor.de, Gq*(:9rh*yWJ, 
Letixier, Colline, Netherlands, 227818509, 908-7803, cletixier@aol.com, 3mY8VDS{0`UxqV^, 
Letixier, Noble, India, 454092234, 219-5037, nletixier@ymail.com, O/kv1dO\<HQkB0, 
Letixier, Althea, Kyrgyzstan, 311450034, 270-4123, aletixier@live.fr, A)E?;S'n4=Dt|, 
Levensky, Emmalynn, Canada, 555436828, 270-6167, elevensky@uol.com.br, YYK58*XhW5q~je, 
Levensky, Drona, Kuwait, 497533389, 219-6096, dlevensky@virgilio.it, :Lp]cO#, 
Liebmann, Jacenta, Cuba, 988303841, 444-6828, jliebmann@ymail.com, Z;~e9|4(]){v=), 
Liebmann, Eula, Vietnam, 766379885, 444-8187, eliebmann@cox.net, p\e@nCAE, 
Lillecrap, Honoria, Tanzania, 110821955, 270-9733, hlillecrap@zonnet.nl, )7enaaS}=<*W}M1`, 
Lillecrap, Leese, Bolivia, 429711190, 219-7938, llillecrap@windstream.net, v7HQ^of!BD+o1, 
Linne, Jillane, Grenada, 637005616, 209-3622, jlinne@terra.com.br, vH/q&fFqr, 
Linsay, Kristin, Mongolia, 978072822, 908-3142, klinsay@live.com, ltMYRL1gK, 
Linsay, Glyn, Lithuania, 700991758, 867-1732, glinsay@yahoo.com.ar, )tpR-_:c, 
Lippett, Rriocard, Spain, 606741685, 398-5509, rlippett@hotmail.com, &\oO/$J?x(S2, 
Liverock, Melinde, Guinea, 526704581, 997-7488, mliverock@frontiernet.net, `:<KsjD&f, 
Loads, Guillema, Honduras, 478836593, 444-1216, gloads@aim.com, ygng7f8aotI, 
Lober, Tabatha, Dominica, 157333399, 908-7069, tlober@mac.com, ~'"+"Ep;"Bk^hED, 
Lockless, Corabella, Marshall Islands, 590890816, 219-6718, clockless@blueyonder.co.uk, bJgkHsXeFx/, 
Loody, Sergei, Nepal, 277084267, 444-1559, sloody@shaw.ca, Dr;KCW, 
Loody, Henrietta, China, 319271173, 209-1938, hloody@alice.it, B~Z`h:*"`nyJ, 
Loosley, Riannon, Venezuela, 465204346, 908-6994, rloosley@yahoo.ca, )Y|y=H#, 
Loosley, Sylvia, Montenegro, 730643794, 444-2538, sloosley@cox.net, <%W_Cp?mbi, 
Loud, Curt, Croatia, 132714926, 398-1379, cloud@frontiernet.net, rwh}e)qdx0`Dkj*6, 
Loud, Debora, Dominican Republic, 232320548, 867-9259, dloud@gmx.de, qozw4suR$<RD, 
Loxton, Anne, Democratic Republic of the Congo, 385682472, 925-7831, aloxton@yandex.ru, *%Juct, 
Loxton, Elyn, Iceland, 197163767, 270-8432, eloxton@zonnet.nl, {t{[l`, 
Loxton, Casper, Switzerland, 942225125, 925-7079, cloxton@yahoo.com.br, @SmeDvm\tr+, 
Loxton, Keene, France, 341171435, 908-8700, kloxton@rambler.ru, VN;oa^+CA_;o~H(<, 
Loxton, Cletus, Colombia, 162367707, 219-5800, cloxton@libero.it, )qB16S9VkYvRWJ2, 
Lucien, Ahmed, Jamaica, 396521213, 908-2971, alucien@tin.it, u1Y#2IpFC5#fEF, 
Lucien, Taber, Sri Lanka, 342326265, 219-4365, tlucien@verizon.net, #65v"V-|gq=E:k, 
Luigi, Bel, Marshall Islands, 768170912, 398-7631, bluigi@sympatico.ca, Opq@pF?t, 
Lundbeck, Etta, Uruguay, 207245829, 219-9156, elundbeck@hotmail.es, e&:+wD'bX`c35}MK, 
Lynagh, Carl, Oman, 116949023, 398-5336, clynagh@yahoo.co.id, p$$tb_OEnNg&n, 
Lynagh, Hi, Sweden, 576043061, 398-4597, hlynagh@live.fr, =#:.#khzPN]q"C, 
M'Chirrie, Adora, Rwanda, 672713773, 867-8668, am'chirrie@yahoo.fr, ZW1KGCiQ?=, 
M'Quharge, Alva, Peru, 298713308, 429-2317, am'quharge@rediffmail.com, \Vll"2r=$H_Hl2), 
M'Quharge, Vincenty, Madagascar, 565601833, 209-9749, vm'quharge@bellsouth.net, =->>lB1$O/T:Utp, 
M'Quharge, Sol, Bangladesh, 539434293, 444-7182, sm'quharge@mac.com, XeIfP*EFjYR, 
Maase, Amby, Mozambique, 579931497, 444-3133, amaase@live.fr, "FO.;s6+1Jn)O?$h, 
Maase, Ferdinand, Finland, 294004845, 444-4924, fmaase@yahoo.it, i-<'2DI^, 
MacCallister, Uriel, Guyana, 110045329, 209-6605, umaccallister@neuf.fr, {O#8+o, 
MacCole, Shandeigh, Romania, 780007057, 908-8793, smaccole@googlemail.com, "GYRzYw]&]4n-bWF, 
MacLice, Griffy, Croatia, 870833934, 398-2117, gmaclice@bluewin.ch, !GH1_)x^?, 
MacMechan, Randy, Italy, 683401997, 997-1957, rmacmechan@bigpond.com, gOMs5"b%|, 
MacQuist, Annabel, South Africa, 461982913, 270-3062, amacquist@outlook.com, %6q)c|%_W=, 
MacQuist, Gnni, Andorra, 209929241, 270-7627, gmacquist@freenet.de, *y#*}%E<}uqIT, 
Macenzy, Siouxie, Jordan, 788279216, 925-8950, smacenzy@hotmail.it, 9w7lOJkW27fE!SY^, 
Mackerness, Renado, Zimbabwe, 331097529, 219-7075, rmackerness@mail.ru, p:YC6wotckm{3, 
Macklin, Brigit, Belarus, 319108354, 270-9114, bmacklin@blueyonder.co.uk, +hSHcqL:g+llYi&w, 
Male, Debera, Hungary, 710640950, 429-3185, dmale@hotmail.it, Ami"jm)LC, 
Mallard, Errick, South Korea, 653121317, 997-6923, emallard@ymail.com, a8HF1y, 
Mallinar, Laurette, Morocco, 897144830, 997-7121, lmallinar@yahoo.com.sg, _jl1WFP, 
Mallinar, Prescott, Monaco, 223681627, 429-9453, pmallinar@chello.nl, M5FIzwipB.co, 
Mallinar, Jeremy, Timor-Leste, 703467943, 209-1063, jmallinar@rambler.ru, 4.@F5x4, 
Mallindine, Vincenty, Turkey, 287662584, 444-5285, vmallindine@chello.nl, [Wfk`}cX1;tJIv72, 
Manning, Xever, Netherlands, 637928300, 444-3486, xmanning@bol.com.br, ;TJ'hMb`], 
Marchington, Guy, Uzbekistan, 214711381, 209-3118, gmarchington@live.nl, /x!W4Gdh-@, 
Marson, Jesselyn, Slovakia, 442447450, 398-6840, jmarson@hotmail.it, B\NYBIeI88, 
Martugin, Joe, Sudan, 177987422, 444-9980, jmartugin@ymail.com, SGL>^e#L<obmL+c, 
Martugin, Bernie, Netherlands, 570683085, 429-3518, bmartugin@live.it, 9'dy>hM;TdDTu, 
Marvell, Merilee, Slovenia, 830257072, 908-4212, mmarvell@web.de, L%}^|t, 
Mather, Barde, Italy, 932360161, 398-9738, bmather@charter.net, ]F7]}33, 
Mather, Kelcy, Mali, 105894996, 429-5247, kmather@skynet.be, t`EOPcYxC"4L, 
Matitiaho, Tabatha, Togo, 918899831, 429-6203, tmatitiaho@windstream.net, D1(MSkyL6%]U, 
Matushevitz, Rancell, Guinea, 537574703, 444-4942, rmatushevitz@laposte.net, C`f%XV#XVFX"dSs, 
Matussov, Renata, Argentina, 536601282, 908-1525, rmatussov@ntlworld.com, R9-4*;=h=[Sj_uw>, 
Matyatin, Georas, Benin, 159563181, 908-4428, gmatyatin@rediffmail.com, eE9q3l7wF, 
Matyatin, Jacky, Ukraine, 276594918, 398-8072, jmatyatin@gmx.de, t)iCT], 
Mayworth, Ella, Saint Vincent and the Grenadines, 743849722, 867-9386, emayworth@yahoo.ca, -fra#r>jPE%, 
McAusland, Hans, Niger, 766626064, 429-5261, hmcausland@live.fr, Dh|P)ZoUmRLlX@, 
McAusland, Hermina, Uzbekistan, 316584176, 429-7180, hmcausland@msn.com, u4+D`G, 
McClinton, Svend, Niger, 265731460, 219-4266, smcclinton@planet.nl, D[HOO/x, 
McClinton, Shea, Armenia, 185442035, 867-7731, smcclinton@aol.com, }LAQeG, 
McCritichie, Selene, Sao Tome and Principe, 141506200, 219-7004, smccritichie@yandex.ru, S|FF(/VN5g_a/}X[, 
McEwen, Ainsley, Tonga, 270681375, 867-4724, amcewen@ntlworld.com, SxSC6[?47, 
McEwen, Selene, Japan, 391738776, 444-6042, smcewen@me.com, Qqb@\Dp[$:fL>'O, 
McFadin, Elston, Mauritania, 290833023, 270-6752, emcfadin@mail.com, ZGA&B'wOD*L, 
McGaughay, Michele, Tuvalu, 827393098, 867-9865, mmcgaughay@rocketmail.com, m3KP~Q, 
McGilben, Marita, Haiti, 189918875, 398-9439, mmcgilben@terra.com.br, nF@j)ze, 
McGlue, Mechelle, Nicaragua, 832163438, 997-9904, mmcglue@hotmail.de, 8;I@D+:4Zw4:, 
McGreal, Koressa, Namibia, 925726814, 429-5314, kmcgreal@ig.com.br, C>:|@oDnaztD0m, 
McIlvenna, Leona, New Zealand, 496169070, 867-1074, lmcilvenna@mail.ru, "qx}>{u7Zu6, 
McKeand, Monte, United States of America, 777870460, 209-8028, mmckeand@aol.com, g]9I5V4L&m;, 
McKiddin, Valma, Brazil, 848208618, 209-7323, vmckiddin@msn.com, /{TsrrutUd!ct, 
McKiddin, Lian, Senegal, 230308239, 270-9782, lmckiddin@yahoo.com, Yrs4#ZYQP5A=, 
McSporon, Martin, Cuba, 241690360, 997-5023, mmcsporon@sky.com, b$on!pN-Acg>}Kp, 
McTague, Janek, Iran, 751767755, 270-4952, jmctague@mac.com, mI`:-]RaXcL'(]y, 
Meagh, Myrah, Marshall Islands, 329150462, 908-7051, mmeagh@club-internet.fr, \5I%?^Ov8|L[, 
Measen, Coriss, Estonia, 419308630, 429-9664, cmeasen@yahoo.com, R3VNC6U}@HnEQ1, 
Mebius, Tedd, Bhutan, 361681244, 867-6889, tmebius@tiscali.it, K?OSpS!^[I@, 
Mechan, Wallas, China, 300399277, 908-9910, wmechan@laposte.net, r4G>zN_, 
Megahey, Stormy, Jamaica, 313419716, 209-8427, smegahey@wanadoo.fr, `X]MVJ]mKeNTiK, 
Memmory, Garry, Vanuatu, 235244944, 270-2884, gmemmory@skynet.be, 3|`mZO@0$CE&:, 
Memory, Hamish, Brunei, 756703024, 209-7796, hmemory@tin.it, :JgP`Jw, 
Mendes, Hilton, Niger, 743173172, 219-4959, hmendes@bol.com.br, X_B<E&, 
Mendes, Vail, Armenia, 212266717, 429-9503, vmendes@yandex.ru, nMl`}9;'[bN^6, 
Mennithorp, Remy, Estonia, 125039875, 908-6666, rmennithorp@voila.fr, }g(z1'd>j|m, 
Meriguet, Jarret, C么te d'Ivoire, 222089159, 925-9262, jmeriguet@bellsouth.net, N!F=/Ycv>hl, 
Meriguet, Shawnee, Malta, 403359445, 908-5879, smeriguet@rediffmail.com, tyj"KEIvzM|dS2Z, 
Meriguet, Filberte, Samoa, 571465677, 219-1720, fmeriguet@me.com, US`kcu)6RZWQ(Io, 
Messer, Murielle, C么te d'Ivoire, 980492499, 997-1535, mmesser@neuf.fr, AZ!"Gt, 
Messer, Mavra, Peru, 904743119, 429-5735, mmesser@yahoo.co.id, =]4XY/{7HH, 
Mew, Kristyn, Slovenia, 371544405, 429-2368, kmew@mac.com, ?+;HIF{]~%Rmgl, 
Midlane, Raimund, Ethiopia, 389153143, 219-4347, rmidlane@juno.com, YH"v9{b, 
Miell, Darn, Paraguay, 801807124, 219-1428, dmiell@laposte.net, svX&1S.{nz6wN+, 
Miell, Kevin, South Sudan, 448580822, 444-6525, kmiell@shaw.ca, T`{;a_xil:s?x~rm, 
Miell, Amalle, Guinea-Bissau, 410006058, 398-9909, amiell@rediffmail.com, vbe.F(ZE`=n"4^, 
Milsap, Koressa, Serbia, 890225845, 209-2689, kmilsap@chello.nl, KY0bY+d'>pIuB5, 
Minter, Graehme, Bhutan, 848034084, 908-7932, gminter@wanadoo.fr, m(`_~Tz_.EdI5'Y, 
Mitchell, Georas, Saint Vincent and the Grenadines, 436351825, 867-8610, gmitchell@rambler.ru, (My-E|?dR2Y}{(Q, 
Mitchell, Breanne, Tuvalu, 167819724, 270-1570, bmitchell@msn.com, Ky9}g(;ur.fQ, 
Mitie, Arther, Maldives, 294727393, 997-8075, amitie@club-internet.fr, wR>a=HU5, 
Mordy, Ingram, Cabo Verde, 731340353, 219-1724, imordy@yahoo.com.ar, c=S'GeUzxX(, 
Morpeth, Torrence, Estonia, 228616614, 444-8564, tmorpeth@earthlink.net, /XAY.c, 
Morpeth, Cherianne, Cuba, 249761723, 398-2256, cmorpeth@juno.com, <rLv0?eL, 
Morpeth, Donnie, Georgia, 323161700, 398-2677, dmorpeth@gmx.net, e&SoZ)W`]ji0i, 
Mountlow, Ettie, Syria, 774863478, 997-8818, emountlow@rocketmail.com, Iw-Y:+9, 
Mum, Jeramey, Yemen, 920307456, 867-3334, jmum@yahoo.it, 98JGZ&9y~, 
Mummery, Cordy, Ethiopia, 277829877, 925-9128, cmummery@centurytel.net, (FyY'&HBk7, 
Mundwell, Colline, Brazil, 672576335, 997-2900, cmundwell@cox.net, 66Z|;I8>cj7;sb4, 
Mundwell, Tedd, Monaco, 721415411, 398-1757, tmundwell@att.net, gs-n\nJ, 
Murty, Karlee, Uganda, 314347518, 908-6403, kmurty@zonnet.nl, W?HQ2Z=@p, 
Musslewhite, Jessalin, Kuwait, 756766367, 219-2476, jmusslewhite@yahoo.com.br, ++u}!b75s, 
Musslewhite, Doro, Saint Vincent and the Grenadines, 279596064, 997-3353, dmusslewhite@yahoo.it, N\7A&&6njb"{`)C, 
Myhill, Shanan, Mexico, 225283562, 429-5246, smyhill@ig.com.br, -Qj"h(6Sx%2, 
Myhill, Nels, Norway, 767346368, 429-8411, nmyhill@rambler.ru, mzpn!<B, 
Nacey, Valry, Timor-Leste, 218014057, 429-3046, vnacey@yahoo.it, 8!;5f7UdO;WZaxR5, 
Nacey, Minnaminnie, Djibouti, 127984273, 429-5832, mnacey@yahoo.co.jp, {4ukw;@mDQ4T)vm, 
Nanni, Sergei, Austria, 158079008, 925-1358, snanni@yahoo.com.ar, fFWgiJ_gLiMH{raw, 
Nanni, Adina, Romania, 311901684, 997-6486, ananni@yahoo.co.jp, v"JRc34(G(=, 
Nardoni, Brinn, Pakistan, 490127955, 398-5518, bnardoni@neuf.fr, 3/=HNMgQPE, 
Nardoni, Waly, Georgia, 224200848, 444-9444, wnardoni@charter.net, ~wf`n=G9X.cO, 
Nardoni, Leonid, Egypt, 958568325, 398-5438, lnardoni@gmx.net, vA0O]2i, 
Naulls, Isis, Zambia, 808443037, 429-8684, inaulls@bigpond.net.au, |>iqYN2feN{eVulH, 
Naulls, Cassandre, United Arab Emirates, 591244720, 997-2328, cnaulls@blueyonder.co.uk, [yBWX-[#1A"S-m, 
Neillans, Wendy, Singapore, 424177305, 908-8436, wneillans@yahoo.de, M7#u)sK.}>, 
Neillans, Annelise, Suriname, 955181116, 219-5432, aneillans@bol.com.br, H(&y5{ij, 
Netting, Rafaello, Gambia, 261766151, 925-7176, rnetting@aliceadsl.fr, <(fFc7N^:~, 
Newbigging, Breanne, Guyana, 396163926, 398-5694, bnewbigging@yahoo.co.in, &^eZ/hJATA, 
Newiss, Maryjo, Democratic Republic of the Congo, 296814482, 270-9717, mnewiss@sympatico.ca, iTPHAgci, 
Niland, Ferdinand, Guyana, 681830041, 444-6682, fniland@yahoo.com.sg, NB*HUYr(~np.N|{, 
Niland, Jourdain, Niger, 989964006, 997-4509, jniland@home.nl, q4?_c)%!/iFD#, 
Nockells, Barb, Uruguay, 171185160, 867-4082, bnockells@yahoo.co.in, (_-LYQE>(t:\b, 
Nyssen, Larina, Croatia, 185291638, 997-6364, lnyssen@shaw.ca, yw}F".qOz/#, 
Nyssen, Whitman, Guatemala, 538620985, 219-2820, wnyssen@gmx.net, 13+Ncm$t\d[5, 
O' Dornan, Bertina, Nicaragua, 454298766, 270-8593, bo' dornan@arcor.de, -9YXFf@Q<0Arrk\q, 
O'Cannovane, Wallas, Slovenia, 373002606, 209-9523, wo'cannovane@yahoo.com.sg, jf!d_&7I6NFh:, 
O'Donoghue, Niall, Grenada, 333279397, 398-5157, no'donoghue@centurytel.net, W>_[m&Cq4SR=oM, 
O'Donoghue, Cobbie, Sierra Leone, 292618770, 925-4506, co'donoghue@gmail.com, Yvao2RkuYqJSQ, 
O'Doogan, Nichols, Uruguay, 118150997, 925-6120, no'doogan@hotmail.es, 1p(#NVai@, 
O'Duane, Jazmin, Nepal, 273646711, 925-3898, jo'duane@arcor.de, Z5$]f@+<;, 
O'Duane, Shea, Guatemala, 202360932, 270-3407, so'duane@yahoo.com.mx, $\Mpbe/?p+, 
O'Gavin, Conny, Angola, 316544986, 270-9015, co'gavin@freenet.de, bqL{Vegs, 
O'Hollegan, Don, Uzbekistan, 287157360, 270-4526, do'hollegan@tiscali.co.uk, L}z|>_&@Jm, 
O'Meara, Alejandra, Mali, 961248446, 997-8538, ao'meara@rocketmail.com, oq=h5u:%, 
O'Meara, Malvina, United Kingdom, 149165085, 444-1383, mo'meara@msn.com, (91jP).w4"5U*", 
O'Quin, Bastien, Saint Kitts and Nevis, 470713210, 925-7902, bo'quin@optusnet.com.au, DMwx>Ik`c6&, 
O'Quin, Hubey, Netherlands, 835666273, 867-8058, ho'quin@bellsouth.net, QC{&o9, 
O'Suaird, Correna, Philippines, 578034945, 867-8873, co'suaird@yahoo.com.mx, >lVlpAd%, 
Ocklin, Jayme, Japan, 552867621, 997-3504, jocklin@libero.it, z+;B)_3o=, 
Ockwell, Thom, Luxembourg, 807184680, 444-7486, tockwell@mail.ru, k>;L'T^/ge, 
Ockwell, Jacqueline, Tanzania, 121375974, 867-7101, jockwell@zonnet.nl, obPB?S6WK^]-W:i, 
Ockwell, Cordelie, Kazakhstan, 338944465, 270-5765, cockwell@planet.nl, 'e&p}TQW8, 
Ogelbe, Helyn, Botswana, 498849397, 997-1294, hogelbe@yahoo.es, v1]LiIx}#, 
Olivelli, Clement, Andorra, 415149023, 219-1071, colivelli@outlook.com, lTH/ko7|MN\ssB2K, 
Orriss, Isis, Bahamas, 300456510, 219-2970, iorriss@freenet.de, 3Ok9+1;+`RZ0\X", 
Orriss, Salomi, Palau, 822563582, 997-8791, sorriss@yahoo.fr, t8`bhl*~]Q!, 
Overbury, Rufus, Chad, 159112711, 997-5105, roverbury@tin.it, ;mUMN~kVeXFL, 
Overbury, Roselle, Sweden, 156720771, 398-6505, roverbury@tin.it, Cd$jf`B, 
Padrick, Robbyn, Marshall Islands, 675645296, 908-8938, rpadrick@live.it, u>GZ{oeT7|F, 
Padrick, Celestyna, Latvia, 388001738, 270-8271, cpadrick@web.de, E;G`2FZ@;'hO, 
Pairpoint, Cristobal, Eritrea, 335771559, 908-6010, cpairpoint@verizon.net, %"f%mdx@_1Vw(8@4, 
Pane, Annabel, Benin, 502427736, 997-5403, apane@alice.it, oqQ=![Za3$, 
Pane, Tally, Afghanistan, 354712913, 398-3612, tpane@hotmail.co.uk, R08A9.(, 
Parsley, Carlyn, France, 467889618, 867-2337, cparsley@rambler.ru, sb1b!$r-<, 
Parsley, Ann-marie, Burundi, 603615949, 219-4523, aparsley@mail.ru, SN$04]IO&$";, 
Parsley, Trevar, Dominica, 988873040, 429-9692, tparsley@mail.com, \1LZj.<Q8(*fLkC, 
Parysiak, Jacinda, Georgia, 212836610, 867-6577, jparysiak@ig.com.br, #LWdLZrX1cjV, 
Patillo, Clerkclaude, Jordan, 307095171, 270-5288, cpatillo@orange.fr, Z)kr=82(, 
Patrie, Lola, Morocco, 148519030, 925-7468, lpatrie@bigpond.net.au, IqKG>8eYEMqsz/\k, 
Paul, Xever, Vanuatu, 715180393, 219-9754, xpaul@yahoo.com.ar, ?$`d_&C/z!m#q, 
Paul, Cordy, Gambia, 108853067, 398-7530, cpaul@tiscali.it, w|Vkpfw3<#x=, 
Peatt, Doti, Singapore, 969584235, 429-7466, dpeatt@ntlworld.com, (fn42F, 
Pennell, Hendrik, Georgia, 366148151, 997-1908, hpennell@yahoo.com.ar, 4JrwpC6+_e_bQ, 
Pennell, Marijn, Croatia, 280070491, 270-6206, mpennell@libero.it, &N:L6a!"[;[z~, 
Pennell, Antoine, Botswana, 565236214, 429-5389, apennell@earthlink.net, kY^m3&f?2\1XC, 
Peres, Irvine, Equatorial Guinea, 798975881, 997-7744, iperes@yahoo.com, %jwt\NdRXU, 
Peres, Ethan, South Sudan, 348465562, 429-3308, eperes@comcast.net, &P3se=lhnR470mG, 
Perigo, Myrvyn, Trinidad and Tobago, 320432100, 997-5408, mperigo@yahoo.com.au, |L$UEM^^P=EYO%p~, 
Perigo, Marlowe, Pakistan, 235054024, 997-4666, mperigo@free.fr, L-Q~~'D|qy[Yzt), 
Petchell, Xenos, Andorra, 382002039, 997-4419, xpetchell@arcor.de, &UrY2j49?uaF!3Cg, 
Petchell, Xever, United States of America, 491476936, 209-1754, xpetchell@yandex.ru, +9bRG[wthz%Ko, 
Pett, Doralin, Guatemala, 301345764, 925-7225, dpett@gmail.com, =l#ii6+CcY, 
Pettiward, Remy, Georgia, 695808780, 997-9143, rpettiward@yahoo.in, ?33dh\%NE, 
Petty, Neddie, Tanzania, 890871120, 209-2639, npetty@hotmail.it, &.G+y`#nS7<, 
Peyes, Constancia, Suriname, 364551729, 398-3128, cpeyes@freenet.de, vo#HOK`S6oxh, 
Peyes, Florian, Denmark, 181138321, 209-5121, fpeyes@terra.com.br, l0nk1@`Jb(Q}, 
Phelps, Colline, North Macedonia, 246988668, 270-8620, cphelps@telenet.be, m(8.(v], 
Phelps, Staford, Sweden, 369701101, 925-4539, sphelps@sky.com, 0QI:ozwPe3EuxK8, 
Phelps, Laura, Afghanistan, 544281216, 270-2665, lphelps@live.com, [>{9zU, 
Pinch, Ynes, Cambodia, 929814612, 398-5041, ypinch@yahoo.com.mx, `<NJt=8r*dxlCMt, 
Pottle, Bonnibelle, Estonia, 998418557, 209-1048, bpottle@cox.net, N/TN=P@&GE[9, 
Pottle, Honoria, Russia, 925280198, 398-7703, hpottle@mac.com, (B.J?gi}[}Jkwz5, 
Prall, Lottie, United States of America, 591848875, 444-5174, lprall@libero.it, HMh}HVp#W/, 
Prati, Jillayne, Argentina, 552947988, 219-1831, jprati@club-internet.fr, <G&F^fhCGG, 
Presnall, Cristobal, Australia, 360071510, 908-3424, cpresnall@laposte.net, G(]fL#4>}i(, 
Prine, Nikki, Burundi, 309359415, 908-7825, nprine@frontiernet.net, =Y\v)/, 
Prine, Rafaello, Qatar, 947196228, 867-4818, rprine@bol.com.br, Y'7.jiZd}NF:m7, 
Pringle, Natala, China, 391428862, 867-3862, npringle@optusnet.com.au, W881F0+Go, 
Punton, Ada, Central African Republic, 466235189, 925-8908, apunton@googlemail.com, kqWJyZ, 
Punton, Reider, Libya, 516027130, 908-2741, rpunton@home.nl, OQ1WE[~C4c[u%jL, 
Quinevan, Yvor, Zambia, 317117507, 908-9243, yquinevan@terra.com.br, Uf2v]`BrZ, 
Ralphs, Adriano, Togo, 590137698, 219-2019, aralphs@tiscali.co.uk, lGcF5ZL#5in, 
Ramsey, Devin, San Marino, 989208053, 908-8999, dramsey@rambler.ru, D&x[/&JN*\h.g@{c, 
Randlesome, Tobias, Morocco, 232636498, 398-7437, trandlesome@hotmail.fr, sWbIlc, 
Rawstorne, Marve, Albania, 621186593, 908-3253, mrawstorne@facebook.com, ke|>xM6/DIY%., 
Reasun, Benedikta, Mexico, 119485054, 398-1098, breasun@live.it, .km]jgq;yi8{=3X, 
Reasun, Rooney, Ghana, 594604956, 908-2811, rreasun@hotmail.fr, }6xP+C2(4su, 
Redfield, Veronike, Kazakhstan, 302029501, 867-3410, vredfield@frontiernet.net, Kt{VO), 
Reedman, Vincenty, Comoros, 124641569, 429-7681, vreedman@yandex.ru, XA~'5`GN, 
Reiner, Marietta, Cameroon, 421197734, 925-2183, mreiner@tiscali.it, A-hSG7uTlYnwwQSZ, 
Reiner, Tally, El Salvador, 467939884, 908-9461, treiner@club-internet.fr, nrU&mBbTuD'2f(N, 
Reiner, Leonie, Denmark, 308433906, 925-8168, lreiner@ig.com.br, PsHZm.iN9A<H*~, 
Revans, Annabela, Niger, 613121941, 209-2626, arevans@yahoo.in, ]/Kro'NZ-k@$L#Nv, 
Revey, Doretta, Democratic Republic of the Congo, 835542078, 429-2428, drevey@alice.it, Gq}!7!vp<an, 
Rexworthy, Koenraad, Burkina Faso, 192209118, 398-4499, krexworthy@live.it, W$%dfm8, 
Rexworthy, Katharyn, Colombia, 767676350, 270-7272, krexworthy@yahoo.com.ar, 0&=@{QESEqn'c3/, 
Rexworthy, Lydon, Bolivia, 299074634, 270-6284, lrexworthy@laposte.net, sP07b>8QwbHP, 
Riba, Kelcie, Burkina Faso, 911940865, 219-7837, kriba@outlook.com, <z*}-*z, 
Riba, Regina, Afghanistan, 473366559, 444-8258, rriba@sky.com, nG9)#OYx, 
Riba, Cirstoforo, Equatorial Guinea, 668329164, 429-8655, criba@live.nl, O}u0Bu, 
Riba, Purcell, Papua New Guinea, 421411270, 270-2637, priba@free.fr, ExDugL~{'`IVesi, 
Richardson, Kerby, Paraguay, 765201825, 908-9331, krichardson@yahoo.de, 2?B!t7?"Q, 
Ridge, Correy, Lesotho, 240759385, 209-1473, cridge@laposte.net, h#~0y7Z*], 
Ridgwell, Jourdain, Switzerland, 836246039, 270-5502, jridgwell@rediffmail.com, (!0|)Lf, 
Robbings, Janek, Lesotho, 737760029, 429-8892, jrobbings@sbcglobal.net, bodt&_n, 
Rodgier, Robbie, Costa Rica, 255769409, 867-6400, rrodgier@sky.com, -]XSs~yw$*sRI#, 
Rodgier, Michele, Congo (Congo-Brazzaville), 342491927, 925-2044, mrodgier@yahoo.co.uk, zu7<i^!/(b<{r5, 
Rogez, Rickard, Mongolia, 220214107, 908-7298, rrogez@uol.com.br, -B\P%|su9<?/d+, 
Rogez, Shaylah, Kazakhstan, 118481106, 219-9896, srogez@tiscali.co.uk, nx7'#(dP]F0'qke7, 
Roles, Stephi, Holy See, 210210050, 398-9954, sroles@tin.it, ycQ$4Nu4?&, 
Romagnosi, Urson, Zambia, 463290720, 209-6569, uromagnosi@aim.com, j4CurHP$cb#=2, 
Ronchka, Adina, Grenada, 358944095, 270-4504, aronchka@yahoo.es, 9]1+j>R<pM$TD&Kw, 
Rooke, Byrom, Pakistan, 440394319, 270-8410, brooke@hotmail.de, *0{F${rkxp2<Vo, 
Rooke, Erminie, Paraguay, 445041636, 997-5349, erooke@yahoo.in, [~T<nlKl}s}PW, 
Rosenzwig, Wendy, Eswatini (fmr. "Swaziland"), 563213769, 209-5141, wrosenzwig@orange.fr, wLn]r", 
Rosenzwig, Zuzana, Honduras, 456850202, 444-8340, zrosenzwig@yahoo.com.sg, t\Ska(T>, 
Rosina, Koenraad, Guyana, 427833555, 398-4324, krosina@laposte.net, yv3V[*]cA], 
Rosina, Michael, Kenya, 342028215, 219-9925, mrosina@facebook.com, FhH}(Wl%em, 
Routley, Koenraad, Armenia, 693326046, 925-4809, kroutley@aol.com, MIb(2I, 
Routley, Gonzales, Uruguay, 978591752, 867-5872, groutley@mail.com, Bmf]w<!+hp, 
Rowson, Hamish, Saudi Arabia, 417343095, 398-7542, hrowson@wanadoo.fr, T4U!\5bC, 
Royan, Everett, Samoa, 444177449, 429-1039, eroyan@web.de, /}.9?5., 
Rudwell, Rufus, Benin, 590865725, 908-5952, rrudwell@free.fr, oex*:nj.), 
Rudwell, Joceline, Netherlands, 189604812, 209-4456, jrudwell@cox.net, *|m>9?xpBi!*X]}#, 
Rumford, Nikki, Malawi, 657995688, 398-4916, nrumford@rediffmail.com, >rybz56-xPH$j, 
Ruprechter, Rodrigo, Micronesia, 707629701, 444-5847, rruprechter@optusnet.com.au, :\67]-YJ3h\JJd%4, 
Ruprechter, Hakeem, United States of America, 376473438, 398-6777, hruprechter@skynet.be, 9pE!i6, 
Rustidge, Kissiah, Niger, 418409217, 429-8198, krustidge@gmx.net, r6u%ym-]+}~hI, 
Sabie, Vail, Namibia, 120819684, 444-5665, vsabie@yahoo.co.jp, hLk3$3/RY, 
Sackler, Alric, Slovakia, 653048498, 219-4154, asackler@frontiernet.net, 3E86EM08$X7, 
Sackler, Kameko, North Macedonia, 304428608, 925-5768, ksackler@sfr.fr, #M+ab2nZw(&\, 
Sackler, Malcolm, Palestine State, 350899012, 219-1385, msackler@club-internet.fr, (U'5]`HK%C'87, 
Sainer, Vinny, Malaysia, 849336752, 209-2492, vsainer@yahoo.ca, 4U9ju[<]]8nsmr, 
Salsberg, Trish, Cabo Verde, 157479071, 398-3447, tsalsberg@sky.com, :}kR!Pav], 
Sauvan, Web, Comoros, 510062900, 925-4543, wsauvan@hotmail.co.uk, {vK49'b, 
Sauvan, Donnie, Peru, 397598514, 429-6163, dsauvan@outlook.com, qPM$v.P}8pMC*5d&, 
Sauvan, Alan, Finland, 524808075, 867-1028, asauvan@comcast.net, 6WUx+E, 
Savaage, Cobbie, Brunei, 847433194, 444-8241, csavaage@charter.net, V@EI-#UFrI, 
Scarf, Maressa, Poland, 226315612, 398-8210, mscarf@windstream.net, G=$^njTQ0, 
Scarf, Wallis, Ghana, 638552083, 429-5640, wscarf@sfr.fr, YRO?'6JxRC, 
Schneider, Karlee, Solomon Islands, 353664728, 925-5682, kschneider@t-online.de, k/Or?j[V`i, 
Schoenrock, Filberte, Mongolia, 413877140, 398-4072, fschoenrock@hotmail.de, naWy!UC{T=*I, 
Scholig, Ede, Bahamas, 247978165, 925-6053, escholig@bellsouth.net, >#*@r", 
Scorton, Mellie, Lebanon, 729131195, 209-3072, mscorton@aol.com, gYrH.sa6@|Sf}%, 
Scurlock, Sheri, Czechia (Czech Republic), 725938445, 270-8626, sscurlock@yahoo.com.au, iuK[H2-4-[@, 
Sebastian, Phillie, Ukraine, 959726503, 270-5868, psebastian@juno.com, $)$W/T|"Uqw, 
Seebert, Lola, Bolivia, 962073627, 270-2515, lseebert@bigpond.net.au, 7a0uG-\!;, 
Seebert, Buddy, Vietnam, 508030696, 270-5526, bseebert@live.it, A'KN?%|LKt(#cAq, 
Seer, Daren, Slovakia, 327068632, 997-5767, dseer@hotmail.it, |+zWIO, 
Segot, Nikki, Peru, 682972798, 398-3563, nsegot@yahoo.co.uk, %29B4S9, 
Segot, Galen, Bahrain, 365353127, 270-1305, gsegot@aol.com, rN#qN-3JD', 
Segot, Gisella, Malaysia, 430485775, 867-8871, gsegot@free.fr, L}RgUb_~HR+, 
Semonin, Herbert, South Africa, 761362461, 908-7426, hsemonin@neuf.fr, ~YcVWG]U-yj+>, 
Semonin, Hakeem, Peru, 700173960, 270-4601, hsemonin@mail.com, hEnp@g}?Rou#v, 
Sentance, Otis, Libya, 131110978, 270-2686, osentance@free.fr, S4E_dk#nP, 
Sentance, Felix, Belize, 252007439, 867-3052, fsentance@gmx.de, 0AgcQ3h/'"V'o, 
Sentance, Christie, Cuba, 444991774, 398-4707, csentance@orange.fr, B@V6w)a~y, 
Shank, Sisile, Slovakia, 118588849, 925-2644, sshank@centurytel.net, 1.)38V5c, 
Shank, Valry, Iraq, 471040893, 398-7018, vshank@bol.com.br, kFI!jYwv~zKp, 
Shapera, Bernette, Turkmenistan, 705624150, 997-6476, bshapera@hotmail.it, E4W=s40hL6f&y8, 
Shapera, Timmi, Georgia, 317497935, 997-2267, tshapera@terra.com.br, T?6wH5&, 
Sharpus, Fields, Singapore, 587516123, 209-2072, fsharpus@hotmail.es, D(KunF, 
Sharpus, Yvor, Kazakhstan, 257100161, 925-6667, ysharpus@telenet.be, ['@1:ete#5(], 
Shearme, Merci, Czechia (Czech Republic), 343110911, 209-6630, mshearme@hetnet.nl, EB!A3iIfcl, 
Sherborne, Jeffry, Finland, 186396215, 398-7071, jsherborne@optusnet.com.au, 4u>l]B, 
Shimman, Modesta, Romania, 315487236, 209-7687, mshimman@qq.com, Yq"H;[B}8], 
Shimman, Ivett, Egypt, 225657475, 219-5238, ishimman@mac.com, Wg+%=Dft@, 
Shimman, Kiah, Papua New Guinea, 777597359, 444-3323, kshimman@laposte.net, CsR7NtUI8H, 
Shout, Shanan, Norway, 409464730, 398-2567, sshout@att.net, Ido>&Z}TqCZC, 
Shout, Griffy, Poland, 921372664, 270-3764, gshout@zonnet.nl, @$<RhsoOEZ, 
Shout, Elna, Austria, 418513885, 444-2692, eshout@yahoo.com.br, bMo6SkXB, 
Shuttell, Alric, Antigua and Barbuda, 282609898, 219-4739, ashuttell@yahoo.in, T%XJ"bxJhBR5Lf, 
Simm, Godfrey, Papua New Guinea, 528667105, 925-2243, gsimm@tin.it, !?fS4GI0A>s7, 
Simmonds, Jesselyn, Lithuania, 524191937, 925-5497, jsimmonds@yahoo.com, t6l\lOX, 
Simond, Fonsie, Mongolia, 499665654, 997-5444, fsimond@earthlink.net, ~;`$qZeO<&X^U"m, 
Simond, Vanya, Philippines, 292551400, 908-8261, vsimond@gmail.com, TR6r=0(vdF?jKg2o, 
Sinnott, Dasi, Mozambique, 894858976, 867-2901, dsinnott@gmail.com, dYDy.n2KKl[4/GJ, 
Skym, Paddy, Italy, 726446286, 444-9805, pskym@ntlworld.com, M[FxVOg, 
Slogrove, Ad, Vietnam, 303429128, 997-8168, aslogrove@skynet.be, [7COkd{UYU.iRZC*, 
Slogrove, Peter, Japan, 943906909, 429-2592, pslogrove@freenet.de, X_o}+qz5V), 
Slott, Sephira, Honduras, 541168510, 925-2188, sslott@skynet.be, &2`6\&q7&BS, 
Smallcombe, Burton, Ireland, 494353725, 867-3009, bsmallcombe@yahoo.com.ar, xcn/:wJ<)eYJ, 
Smickle, Rolfe, Estonia, 213766839, 398-9567, rsmickle@yandex.ru, Kc2&7q(0No, 
Smickle, Karel, Kenya, 183307750, 209-6082, ksmickle@charter.net, r$qa9V'Mgc)WK^8, 
Smickle, Malissa, Tonga, 139214445, 908-6190, msmickle@yahoo.in, CvrV~mAc+x|kDN/, 
Smitham, Madison, C么te d'Ivoire, 148096107, 270-6937, msmitham@aliceadsl.fr, QQ?^Zecj9=", 
Smitham, Minny, Finland, 349390406, 925-6121, msmitham@qq.com, Q||Vcwwi^, 
Snasel, Sileas, Myanmar (formerly Burma), 412255763, 867-5538, ssnasel@rocketmail.com, %SIuK((zY3, 
Snasel, Eleanora, San Marino, 755917759, 867-5376, esnasel@rambler.ru, eFl{GV;tU~, 
Sokill, Nevile, Madagascar, 421418098, 270-8176, nsokill@bol.com.br, >Qk'@`HJh%ts, 
Sowrey, Dirk, Bahamas, 142653408, 219-4293, dsowrey@msn.com, n(c2^J, 
Sowrey, Eulalie, Namibia, 224402325, 429-4827, esowrey@ymail.com, tI9=@+W1$q, 
Speenden, Burtie, Democratic Republic of the Congo, 788092071, 925-7671, bspeenden@bigpond.com, PBCHaQMDl|~, 
Spiaggia, Wat, Marshall Islands, 704069470, 997-5382, wspiaggia@optusnet.com.au, JwZLB%]q$}_c, 
Spragg, Karyl, Moldova, 996509884, 429-5638, kspragg@bellsouth.net, z;>lm4|3-O, 
Spring, Daryle, Cuba, 994146451, 270-9430, dspring@bluewin.ch, |43IIoQGI:5.f, 
Stainbridge, Valdemar, Somalia, 395950186, 270-2011, vstainbridge@yandex.ru, 8d{Pxx, 
Stainbridge, Inez, Samoa, 450873255, 209-9188, istainbridge@comcast.net, %$.5jrzM\lj+s_xl, 
Stammer, Mandie, Ireland, 677400436, 444-3298, mstammer@windstream.net, &n@0Ag/EEr, 
Stowgill, Berky, Malta, 146638228, 429-4131, bstowgill@yahoo.fr, x)@]:#)-VZu6I, 
Stuck, Will, Bhutan, 710318460, 925-9474, wstuck@sfr.fr, K3X&-$Rf^(G, 
Suddock, Daryle, Liberia, 185912787, 209-3660, dsuddock@zonnet.nl, I<T]OT28, 
Suddock, Derward, Cameroon, 786215406, 444-2148, dsuddock@aim.com, j.ai~y__@j, 
Suddock, Norman, Ghana, 168706636, 429-3857, nsuddock@aol.com, gq1\IjNr, 
Suett, Engelbert, Israel, 163299708, 429-5999, esuett@juno.com, bhYg.r, 
Suett, Annabela, Japan, 534304389, 270-7548, asuett@orange.fr, hH$>T_Sm., 
Suett, Cammie, Libya, 342532233, 209-4999, csuett@comcast.net, 7bF4^?5tT, 
Suett, Maryrose, Moldova, 695560961, 209-3991, msuett@hotmail.de, c-Rg!93Z4u, 
Suggate, Gail, Holy See, 807438156, 925-9748, gsuggate@windstream.net, _x3!/[), 
Summerill, Berky, Vietnam, 147344718, 429-5429, bsummerill@sbcglobal.net, 43D]*7^, 
Summerill, Bentlee, Dominica, 636518566, 209-2447, bsummerill@tin.it, 954<gpzO3an*&, 
Summerill, Leonard, Djibouti, 324512770, 219-7596, lsummerill@tiscali.it, 7q1a%~5^DK, 
Summerill, Tedd, Venezuela, 274252766, 444-6397, tsummerill@att.net, 7nDyuBr, 
Summons, Jourdain, Iceland, 480931765, 219-4404, jsummons@live.fr, nK+Y3dW, 
Swabey, Christina, Suriname, 892632712, 429-2414, cswabey@live.it, 'DrlX<YkLQ/T, 
Swanton, Garvy, Netherlands, 435486058, 398-2800, gswanton@sky.com, *ZE'7-S, 
Swanton, Trstram, Nigeria, 517727903, 219-6505, tswanton@rocketmail.com, G_s>Yp>, 
Swetman, Griffith, Mexico, 209732454, 429-2453, gswetman@outlook.com, kQH8p`F|%(a:, 
Swetman, Veronique, Switzerland, 227948460, 444-9715, vswetman@googlemail.com, ~i$W#gB-, 
Syncke, Evangelin, Palestine State, 782184662, 925-9489, esyncke@tiscali.it, 2|Ygu2Q_Hf0SCq1v, 
Syncke, Rivi, Rwanda, 206530079, 908-7707, rsyncke@me.com, ):~D-|aj, 
Taffley, Lem, Tuvalu, 603187891, 925-7266, ltaffley@sympatico.ca, 7I'WhHl, 
Tanswill, Trish, Kuwait, 275806095, 908-7823, ttanswill@facebook.com, WjJV5[b, 
Tappor, Cherianne, Israel, 671079933, 908-3734, ctappor@hotmail.it, R{_N\-2-aaj:QBO, 
Tether, Errick, Nepal, 300403551, 270-3800, etether@live.com.au, e0NC1f, 
Tether, Helyn, Tunisia, 128147768, 398-4117, htether@laposte.net, h9<y>G]aC.IzO$3, 
Tether, Rodrigo, Brunei, 876086290, 219-2169, rtether@bellsouth.net, 2.EbLy, 
Thelwll, Moe, South Africa, 889797141, 867-4982, mthelwll@yahoo.in, B/t2'{fi>N, 
Thelwll, Clement, Barbados, 129403447, 270-7068, cthelwll@yahoo.fr, Vf|_.up, 
Thelwll, Elwin, Sudan, 314162988, 925-6456, ethelwll@yahoo.it, 5=%-&m'w@MJPI, 
Thraves, Geoff, Luxembourg, 535714087, 867-2736, gthraves@live.ca, {Q1@ZE]Q, 
Thraves, Jacky, Timor-Leste, 569850084, 867-7864, jthraves@alice.it, @QOB0(V, 
Thraves, Gar, Bhutan, 473565109, 444-3373, gthraves@virgilio.it, D7Xj).zw.9I, 
Threlfall, Elyn, Moldova, 404539138, 398-4106, ethrelfall@hotmail.de, T(`7Z@IX, 
Thunnerclef, Ede, Belgium, 634954631, 867-2358, ethunnerclef@tiscali.co.uk, U#NJ|%_[ZGt, 
Tink, Kassie, Vanuatu, 121677093, 444-3221, ktink@web.de, `J{`0b?\@1Ga), 
Toomer, Steven, Chile, 691845204, 270-9938, stoomer@club-internet.fr, 9l6Bs~{>2lA5|>, 
Toomer, Tallie, Suriname, 674430604, 270-5808, ttoomer@hotmail.co.uk, }Bf=()mZ@5;bCq1W, 
Tootell, Everard, Iceland, 773424768, 997-2843, etootell@arcor.de, {MQ3-ITNIBz-, 
Tracy, Nels, Paraguay, 201323875, 398-6179, ntracy@googlemail.com, ])2l&E~*Fe, 
Tranfield, Nial, France, 798527249, 429-2501, ntranfield@skynet.be, HIFf?KPDE*r*{, 
Tranfield, Rand, South Sudan, 663108957, 444-8323, rtranfield@hotmail.fr, (6(Wm^%u, 
Trase, Lynnette, Nauru, 785710872, 444-7799, ltrase@voila.fr, c[#\MXUCE4T), 
Trase, Benyamin, Tanzania, 615940404, 867-1281, btrase@cox.net, LHUlIzZ, 
Trase, Starlin, United Kingdom, 411080261, 429-1959, strase@yahoo.fr, xZ6_]5va*byk-h, 
Trase, Siobhan, Panama, 310143113, 997-3158, strase@rediffmail.com, !3%JSP[$!kf)kr3{, 
Trelevan, Merry, Russia, 201628172, 867-7636, mtrelevan@mac.com, YKd00>CU@":~"PZ~, 
Trenfield, Jessalin, Algeria, 142979878, 209-3694, jtrenfield@bluewin.ch, lA/;5(rD|<A^, 
Trice, Lynna, Singapore, 874082568, 209-6334, ltrice@outlook.com, R[^xfrq5`, 
Trolley, Fields, Lesotho, 250310085, 444-3354, ftrolley@centurytel.net, xHnGR81#};, 
Trolley, Cherianne, Cyprus, 472156975, 867-9024, ctrolley@yahoo.fr, sb=\r?r*v;c^tTH, 
Trolley, Emory, Tanzania, 684700224, 270-8746, etrolley@frontiernet.net, et=ptfI&;GyC/, 
Troutbeck, Hamnet, Chad, 236135018, 398-4585, htroutbeck@ymail.com, cGG0\<3IBFw, 
Troutbeck, Leonard, Myanmar (formerly Burma), 336267705, 219-7682, ltroutbeck@yahoo.de, $/>T\[P<g-w, 
Troutbeck, Ricki, Tajikistan, 572770358, 398-1229, rtroutbeck@web.de, 3_rP?g[l*8yTW, 
Trower, Maddie, Eritrea, 191948972, 219-5116, mtrower@me.com, O{q\86, 
Truder, Ileane, Nigeria, 135913922, 270-8716, itruder@mail.ru, /"&y&;=Q+!S@, 
Truder, Jacky, Lebanon, 288898645, 997-6184, jtruder@neuf.fr, WxxHj[%jK, 
Trumpeter, Lucius, Ireland, 295726791, 925-1982, ltrumpeter@live.it, 6b|`{0&!+l4V~n(, 
Trunby, Alan, China, 384244891, 219-5664, atrunby@hotmail.es, L/cfnO)*Jy, 
Trunby, Ritchie, Eswatini (fmr. "Swaziland"), 166511257, 209-8963, rtrunby@sky.com, 33JFDqjvxa(o>, 
Tschersich, Andros, Bulgaria, 147498481, 270-2675, atschersich@optonline.net, R8JH_p&, 
Tuminini, Jacqueline, North Korea, 350365403, 219-3569, jtuminini@neuf.fr, ;/*IM+F;kf, 
Tuminini, Curt, Netherlands, 741665852, 219-5561, ctuminini@yahoo.com, `<qqM<, 
Tunuy, Sondra, Croatia, 427734307, 997-6905, stunuy@yahoo.in, h7ml"P/l6B.Zzv@, 
Turle, Libby, Rwanda, 531787582, 398-2272, lturle@yahoo.co.jp, as";#/, 
Urwen, Nessi, Grenada, 348576388, 444-3057, nurwen@sky.com, P4ocq2>Dx0.?, 
Urwen, Les, Yemen, 170516996, 209-2596, lurwen@hotmail.es, AYVMUc0/, 
Urwen, Cirstoforo, Madagascar, 122166058, 925-1554, curwen@wanadoo.fr, G<(HdY011{6^3|0, 
Vallens, Antoine, South Africa, 510638566, 997-7625, avallens@msn.com, +I+*?oT, 
Van Oord, Ferdie, United Arab Emirates, 989376348, 270-8622, fvan oord@yahoo.co.uk, x\q/7?, 
Van Oord, Arte, Belarus, 229015271, 209-6736, avan oord@sympatico.ca, a|k{69, 
Varndell, Trixi, South Korea, 517816476, 867-2191, tvarndell@msn.com, 2cAZ8t0Gec, 
Vaszoly, Lilas, Chile, 721740435, 997-9853, lvaszoly@free.fr, iL3NcbG\];$<&2, 
Vaszoly, Dniren, Liechtenstein, 942217685, 270-7057, dvaszoly@yahoo.in, @DC7ycf\ZJk, 
Vaszoly, Romola, Argentina, 469444300, 925-9741, rvaszoly@planet.nl, {1\+d0}J*xLQd, 
Vaszoly, Trix, Kenya, 254035153, 270-3674, tvaszoly@gmx.de, bU]O@.|"u\g&AR, 
Vater, Leonid, Somalia, 652298784, 429-3392, lvater@yahoo.it, JCJDC=G9`~$3WlzX, 
Vater, Kristien, C么te d'Ivoire, 727899425, 398-7536, kvater@tin.it, EF_R~Y:`Vm2, 
Veare, Normand, Luxembourg, 508428239, 429-1367, nveare@mail.com, -}4KHYJ_M6xBKHL`, 
Veare, Sibby, Uzbekistan, 930497618, 429-2594, sveare@live.it, RYq?By!]O|~4zK(, 
Verdy, Pete, Saudi Arabia, 381362124, 867-2213, pverdy@bigpond.com, Re%a(Hm:, 
Vernau, Pammi, Sierra Leone, 191810563, 219-2244, pvernau@live.fr, \30`JG8]~ozQq9X, 
Verny, Brady, Uruguay, 508906622, 209-8934, bverny@att.net, [>MJ#vO|+NNLYve, 
Viel, Massimiliano, Malaysia, 628746868, 867-1799, mviel@hotmail.co.uk, YXfY:]yF`h(ws}fz, 
Virgo, Hali, Turkmenistan, 667304789, 867-6604, hvirgo@frontiernet.net, h]1$47>Z8C.k"hM, 
Volant, Gerladina, Oman, 257416906, 429-3298, gvolant@yahoo.it, #kH*t_$I7~='W.Ay, 
Volant, Lucius, Ethiopia, 156188387, 925-8823, lvolant@att.net, c.K$)VO1, 
Wakeford, Katalin, Romania, 477511625, 925-6433, kwakeford@bellsouth.net, H"4M<"{gt, 
Wakeling, Jacenta, Russia, 226500875, 444-9605, jwakeling@live.co.uk, !P="2Hw\ghv)Xpg, 
Walesby, Chandra, Kuwait, 222185703, 209-1453, cwalesby@terra.com.br, yw'a*1, 
Walstow, Michele, Congo (Congo-Brazzaville), 313725218, 270-1703, mwalstow@rediffmail.com, |6|uGH-![+[@Yu, 
Walstow, Mechelle, Latvia, 264651899, 925-2484, mwalstow@yahoo.com.br, VwOv>q-{-G, 
Wardle, Ardyth, Lithuania, 443886628, 429-5708, awardle@yahoo.es, ?s#4wdkhX, 
Wardle, Anne, Hungary, 991498980, 429-6640, awardle@rambler.ru, hKND4yNjob, 
Wardle, Bevvy, Brazil, 263404111, 429-8681, bwardle@hotmail.com, kU;!bU&bb2bxdEx5, 
Warwick, Renado, Burkina Faso, 968830365, 925-3586, rwarwick@hotmail.de, lnvM?9M6/J, 
Warwick, Vanya, Bahrain, 411327060, 997-3034, vwarwick@mac.com, 74#+N", 
Westcot, Gun, Mauritius, 423665284, 209-6368, gwestcot@yahoo.com.ar, 8ve?X!I, 
Westrope, Elvis, United Arab Emirates, 175638893, 444-5442, ewestrope@hotmail.de, `OpAAsXA~/V!EFe, 
Wevell, Von, Philippines, 670335672, 997-9343, vwevell@mac.com, 8cVWyK|, 
Wheatland, Alric, Argentina, 198884888, 429-2430, awheatland@yahoo.co.jp, )sLOs9USia6D, 
Wheowall, Arte, Central African Republic, 291847527, 398-7268, awheowall@yahoo.es, aa:Qb{=#qKFYDQp3, 
Whicher, Veronique, Botswana, 144031600, 925-3405, vwhicher@club-internet.fr, LTo{;DUrIfK+l!, 
Whistan, Kassie, Bhutan, 771300213, 908-6313, kwhistan@t-online.de, c)e^Ra~DUex.4, 
Whistan, Griffith, Tuvalu, 939974245, 997-1976, gwhistan@facebook.com, s5r1p5guNm, 
Whorlton, Joshuah, Burundi, 949017833, 867-9774, jwhorlton@yahoo.co.id, r:?@k>o}|=M^eHp, 
Whorlton, Merrielle, Burundi, 508068339, 429-3436, mwhorlton@qq.com, O1A[xec*c, 
Wilne, Randene, San Marino, 594191742, 925-2836, rwilne@shaw.ca, SiOa9?rKOHmi|, 
Wilne, Newton, Panama, 240282941, 219-4246, nwilne@uol.com.br, eC'+Y5;d28Uh/U=, 
Winkless, Gil, Burkina Faso, 503498165, 270-6293, gwinkless@live.co.uk, 4o(TATY&:lFLqe<3, 
Wollard, Belvia, Eswatini (fmr. "Swaziland"), 391501092, 429-4894, bwollard@orange.fr, zHF%Xw!H'8vTMXH, 
Wollard, Bing, Albania, 358380098, 867-7680, bwollard@hetnet.nl, fGnsuzoF:|9&S"#, 
Wollard, Rockie, Equatorial Guinea, 473860542, 867-1706, rwollard@ig.com.br, 18==v@'-|>+Y=d, 
Wood, Helyn, Philippines, 416555919, 429-9561, hwood@planet.nl, uCy9xYNGf0B|R+Z, 
Woodland, Aloise, Trinidad and Tobago, 658327407, 429-7160, awoodland@hotmail.es, ]Mfsv}vt/0, 
Wooldridge, Demott, Micronesia, 652573032, 270-3347, dwooldridge@sfr.fr, KfG_kk87g, 
Wooldridge, Allistir, Madagascar, 935845194, 867-6188, awooldridge@yahoo.com.sg, BZtPz2(, 
Wormstone, Loren, Dominican Republic, 294542232, 270-4633, lwormstone@mail.com, O[%RBvR=-J, 
Wormstone, Enrichetta, San Marino, 129325815, 398-7295, ewormstone@skynet.be, `#yDl7, 
Wyrill, Corinne, Guatemala, 313135941, 270-2661, cwyrill@yahoo.fr, F{1sSm^FD@, 
Yallowley, Yehudit, Pakistan, 176668784, 925-2632, yyallowley@ig.com.br, s.g^6T"e__Kr, 
Yarrell, Dino, Cambodia, 277645073, 209-2942, dyarrell@yahoo.com.mx, Vv~:PsJa2Lb/[, 
Yeomans, Dre, Mongolia, 165304975, 444-1492, dyeomans@yahoo.in, bi;+6.RsMfO\k5E, 
Yushmanov, Randy, Eritrea, 579673382, 398-5071, ryushmanov@hetnet.nl, J1;V%8GlRRh, 
Zanni, Lem, Antigua and Barbuda, 899544350, 867-2703, lzanni@live.it, )\BLS)83, 
Zannolli, Estelle, United States of America, 598836991, 908-4216, ezannolli@orange.fr, r~Ev2Rq[, 
Zannolli, Syd, Vanuatu, 260381161, 867-8786, szannolli@ymail.com, !op}>xAXOU-s+, 
de Najera, Evania, Norway, 189113328, 270-3445, ede najera@yahoo.com.br, I5}=1!t"fg26\, 
